"","insectID","cage","instar","treatment","day","date","status","diet","different","drips","ants","molted"
"1",1,"11","3","A_ctrl",0,250609,0,25863.7,NA,"","",""
"2",1,"11","3","A_ctrl",2,250611,0,25715,148.7,"drip on surface of parafilm","",""
"3",1,"11","3","A_ctrl",4,250613,0,25662.6,52.4,"","ants",""
"4",1,"11","3","A_ctrl",7,250616,1,25654.4,8.2,"","",""
"5",1,"11","3","A_ctrl",9,250618,1,25646.3,8.1,"","",""
"6",1,"11","3","A_ctrl",11,250620,1,25640,6.3,"","",""
"7",1,"11","3","A_ctrl",14,250623,1,25630.2,9.8,"","",""
"8",2,"11","3","A_ctrl",0,250609,0,25984.1,NA,"","",""
"9",2,"11","3","A_ctrl",2,250611,1,25969,15.1,"","",""
"10",2,"11","3","A_ctrl",4,250613,1,25960.5,8.5,"","",""
"11",2,"11","3","A_ctrl",7,250616,1,25951.4,9.1,"","",""
"12",2,"11","3","A_ctrl",9,250618,1,25943.9,7.5,"","",""
"13",2,"11","3","A_ctrl",11,250620,1,25937.6,6.3,"","",""
"14",2,"11","3","A_ctrl",14,250623,1,25928.2,9.4,"","",""
"15",3,"10","3","A_ctrl",0,250609,0,26419.4,NA,"","",""
"16",3,"10","3","A_ctrl",2,250611,1,26405.9,13.5,"","",""
"17",3,"10","3","A_ctrl",4,250613,1,26396.5,9.4,"","",""
"18",3,"10","3","A_ctrl",7,250616,1,26386.4,10.1,"","",""
"19",3,"10","3","A_ctrl",9,250618,1,26378.2,8.2,"","",""
"20",3,"10","3","A_ctrl",11,250620,1,26371,7.2,"","",""
"21",3,"10","3","A_ctrl",14,250623,1,26359.6,11.4,"","",""
"22",4,"10","3","A_ctrl",0,250609,0,26159.4,NA,"","",""
"23",4,"10","3","A_ctrl",2,250611,0,26004.2,155.2,"drip on surface of parafilm","",""
"24",4,"10","3","A_ctrl",4,250613,1,25983.4,20.8,"","ants",""
"25",4,"10","3","A_ctrl",7,250616,1,25976.4,7,"","",""
"26",4,"10","3","A_ctrl",9,250618,1,25966.3,10.1,"drips","",""
"27",4,"10","3","A_ctrl",11,250620,1,25960.8,5.5,"","",""
"28",4,"10","3","A_ctrl",14,250623,1,25949.6,11.2,"","",""
"29",5,"10","3","A_ctrl",0,250609,0,26117.3,NA,"","",""
"30",5,"10","3","A_ctrl",2,250611,0,26101.8,15.5,"lots of drips on surface of parafilm","",""
"31",5,"10","3","A_ctrl",4,250613,0,25916.2,185.6,"","",""
"32",5,"10","3","A_ctrl",7,250616,0,25888.6,27.6,"lots of drips on surface of parafilm","",""
"33",5,"10","3","A_ctrl",9,250618,1,25874.2,14.4,"driips","",""
"34",5,"10","3","A_ctrl",11,250620,1,25867.1,7.1,"","",""
"35",5,"10","3","A_ctrl",14,250623,1,25855,12.1,"","",""
"36",6,"10","3","A_ctrl",0,250609,0,26187.7,NA,"","",""
"37",6,"10","3","A_ctrl",2,250611,1,26170.1,17.6,"","",""
"38",6,"10","3","A_ctrl",4,250613,1,26157.2,12.9,"","",""
"39",6,"10","3","A_ctrl",7,250616,1,26140.4,16.8,"","",""
"40",6,"10","3","A_ctrl",9,250618,1,26130.3,10.1,"","",""
"41",6,"10","3","A_ctrl",11,250620,1,26122.3,8,"","",""
"42",6,"10","3","A_ctrl",14,250623,1,26110.9,11.4,"","",""
"43",7,"10","3","A_ctrl",0,250609,0,26250.6,NA,"","",""
"44",7,"10","3","A_ctrl",2,250611,0,26158.3,92.3,"drip on surface of parafilm","",""
"45",7,"10","3","A_ctrl",4,250613,0,26012.5,145.8,"","",""
"46",7,"10","3","A_ctrl",7,250616,0,25877,135.5,"","",""
"47",7,"10","3","A_ctrl",9,250618,0,25757,120,"","",""
"48",7,"10","3","A_ctrl",11,250620,0,25741.7,15.3,"","",""
"49",7,"10","3","A_ctrl",14,250623,1,25726.9,14.8,"","",""
"50",8,"10","3","A_ctrl",0,250609,0,26233,NA,"","",""
"51",8,"10","3","A_ctrl",2,250611,0,26197.3,35.7,"drip on surface of parafilm","",""
"52",8,"10","3","A_ctrl",4,250613,0,26111.4,85.9,"","",""
"53",8,"10","3","A_ctrl",7,250616,1,26097.7,13.7,"","",""
"54",8,"10","3","A_ctrl",9,250618,1,26085.5,12.2,"","",""
"55",8,"10","3","A_ctrl",11,250620,1,26077.2,8.3,"","",""
"56",8,"10","3","A_ctrl",14,250623,1,26061,16.2,"","",""
"57",9,"10","3","A_ctrl",0,250609,0,25985,NA,"","",""
"58",9,"10","3","A_ctrl",2,250611,1,25972.1,12.9,"","",""
"59",9,"10","3","A_ctrl",4,250613,1,25917.3,54.8,"","",""
"60",9,"10","3","A_ctrl",7,250616,1,25905.5,11.8,"","",""
"61",9,"10","3","A_ctrl",9,250618,1,25897.3,8.2,"","",""
"62",9,"10","3","A_ctrl",11,250620,1,25890.4,6.9,"","",""
"63",9,"10","3","A_ctrl",14,250623,1,25879.4,11,"","",""
"64",10,"10","3","A_ctrl",0,250609,0,26322.6,NA,"","",""
"65",10,"10","3","A_ctrl",2,250611,0,26245.9,76.7,"drip on surface of parafilm","",""
"66",10,"10","3","A_ctrl",4,250613,0,26228.6,17.3,"","ants",""
"67",10,"10","3","A_ctrl",7,250616,1,26210.1,18.5,"","",""
"68",10,"10","3","A_ctrl",9,250618,1,26155.5,54.6,"","",""
"69",10,"10","3","A_ctrl",11,250620,1,26106.2,49.3,"","",""
"70",10,"10","3","A_ctrl",14,250623,1,26029.3,76.9,"","",""
"71",11,"9","3","A_ctrl",0,250609,0,27444.5,NA,"","",""
"72",11,"9","3","A_ctrl",2,250611,0,27422.6,21.9,"","",""
"73",11,"9","3","A_ctrl",4,250613,1,27405.5,17.1,"","",""
"74",11,"9","3","A_ctrl",7,250616,1,27387.2,18.3,"","Ants (17)",""
"75",11,"9","3","A_ctrl",9,250618,1,27328.8,58.4,"","",""
"76",11,"9","3","A_ctrl",11,250620,1,27315.3,13.5,"","",""
"77",11,"9","3","A_ctrl",14,250623,1,23665.3,3650,"lots of drips","",""
"78",12,"11","3","A_ctrl",0,250609,0,26238.1,NA,"","",""
"79",12,"11","3","A_ctrl",2,250611,0,26191.5,46.6,"","",""
"80",12,"11","3","A_ctrl",4,250613,0,26168.3,23.2,"","",""
"81",12,"11","3","A_ctrl",7,250616,0,26085.4,82.9,"drips","Ants (17)",""
"82",12,"11","3","A_ctrl",9,250618,0,26010.5,74.9,"","",""
"83",12,"11","3","A_ctrl",11,250620,0,25918.3,92.2,"","",""
"84",12,"11","3","A_ctrl",14,250623,0,25815,103.3,"","",""
"85",12,"11","3","A_ctrl",16,250625,0,25711.9,103.1,"","",""
"86",12,"11","3","A_ctrl",18,250627,0,25683.2,28.7,"","",""
"87",12,"11","3","A_ctrl",21,250630,0,25624.9,58.3,"","",""
"88",12,"11","3","A_ctrl",23,250702,0,25584.6,40.3,"","",""
"89",12,"11","3","A_ctrl",25,250704,1,25564.4,20.2,"lots of drips","","Died on screen - potentially a failed molting attempt"
"90",13,"11","3","A_ctrl",0,250609,0,26006.5,NA,"","",""
"91",13,"11","3","A_ctrl",2,250611,0,25986.9,19.6,"","",""
"92",13,"11","3","A_ctrl",4,250613,0,25970,16.9,"","",""
"93",13,"11","3","A_ctrl",7,250616,1,25945.8,24.2,"","",""
"94",13,"11","3","A_ctrl",9,250618,1,25935.9,9.9,"","",""
"95",13,"11","3","A_ctrl",11,250620,1,25928.3,7.6,"","",""
"96",13,"11","3","A_ctrl",14,250623,1,25910,18.3,"","",""
"97",14,"9","3","A_ctrl",0,250609,0,26177.8,NA,"","",""
"98",14,"9","3","A_ctrl",2,250611,0,26164.5,13.3,"","",""
"99",14,"9","3","A_ctrl",4,250613,0,25772.9,391.6,"","ants",""
"100",14,"9","3","A_ctrl",7,250616,0,25761.4,11.5,"","",""
"101",14,"9","3","A_ctrl",9,250618,1,25752.3,9.1,"","",""
"102",14,"9","3","A_ctrl",11,250620,1,25745.2,7.1,"","",""
"103",14,"9","3","A_ctrl",14,250623,1,25734.6,10.6,"","",""
"104",15,"9","3","A_ctrl",0,250609,0,26013.6,NA,"","",""
"105",15,"9","3","A_ctrl",2,250611,0,26001.1,12.5,"","",""
"106",15,"9","3","A_ctrl",4,250613,1,25990.6,10.5,"","",""
"107",15,"9","3","A_ctrl",7,250616,1,25977.1,13.5,"","",""
"108",15,"9","3","A_ctrl",9,250618,1,25842.1,135,"","",""
"109",15,"9","3","A_ctrl",11,250620,1,25832.5,9.6,"","",""
"110",15,"9","3","A_ctrl",14,250623,1,25810.2,22.3,"","",""
"111",16,"7","3","B_ctrl",0,250609,0,28334,NA,"","",""
"112",16,"7","3","B_ctrl",2,250611,0,28304.9,29.1,"","",""
"113",16,"7","3","B_ctrl",4,250613,0,28229.5,75.4,"","",""
"114",16,"7","3","B_ctrl",7,250616,0,28191,38.5,"","",""
"115",16,"7","3","B_ctrl",9,250618,1,28173.6,17.4,"","","died mid molt"
"116",16,"7","3","B_ctrl",11,250620,1,28167.2,6.4,"","",""
"117",16,"7","3","B_ctrl",14,250623,1,28158.1,9.1,"","",""
"118",17,"7","3","B_ctrl",0,250609,0,28170,NA,"","",""
"119",17,"7","3","B_ctrl",2,250611,0,28133.6,36.4,"","",""
"120",17,"7","3","B_ctrl",4,250613,0,28094.3,39.3,"","",""
"121",17,"7","3","B_ctrl",7,250616,0,28044.6,49.7,"","","molted"
"122",17,"7","3","B_ctrl",9,250618,0,28021.6,23,"","",""
"123",17,"7","3","B_ctrl",11,250620,1,28014.8,6.8,"","",""
"124",17,"7","3","B_ctrl",14,250623,1,28010,4.8,"","",""
"125",18,"7","3","B_ctrl",0,250609,0,28206.2,NA,"","",""
"126",18,"7","3","B_ctrl",2,250611,0,28177.9,28.3,"","",""
"127",18,"7","3","B_ctrl",4,250613,0,28153.6,24.3,"","",""
"128",18,"7","3","B_ctrl",7,250616,0,28124.3,29.3,"","Ants (17)","molted"
"129",18,"7","3","B_ctrl",9,250618,0,28020.8,103.5,"","",""
"130",18,"7","3","B_ctrl",11,250620,0,27928.1,92.7,"","",""
"131",18,"7","3","B_ctrl",14,250623,0,27877.5,50.6,"","",""
"132",18,"7","3","B_ctrl",16,250625,0,27276.4,601.1,"diet on paper","",""
"133",18,"7","3","B_ctrl",18,250627,0,27195.5,80.9,"","",""
"134",18,"7","3","B_ctrl",21,250630,0,26851.1,344.4,"","",""
"135",18,"7","3","B_ctrl",23,250702,0,26784.7,66.4,"","",""
"136",18,"7","3","B_ctrl",25,250704,0,26697.9,86.8,"","",""
"137",18,"7","3","B_ctrl",28,250707,1,25303.1,1394.8,"bubble, parafilm disrupted","",""
"138",19,"7","3","B_ctrl",0,250609,0,28171.4,NA,"","",""
"139",19,"7","3","B_ctrl",2,250611,0,28151,20.4,"","",""
"140",19,"7","3","B_ctrl",4,250613,1,28141.5,9.5,"","",""
"141",19,"7","3","B_ctrl",7,250616,1,28131.5,10,"","Ants (17)",""
"142",19,"7","3","B_ctrl",9,250618,1,28111.4,20.1,"","",""
"143",19,"7","3","B_ctrl",11,250620,1,28026.3,85.1,"","",""
"144",19,"7","3","B_ctrl",14,250623,1,27834.4,191.9,"","",""
"145",20,"7","3","B_ctrl",0,250609,0,28361.8,NA,"","",""
"146",20,"7","3","B_ctrl",2,250611,0,28289.5,72.3,"","",""
"147",20,"7","3","B_ctrl",4,250613,0,28263.3,26.2,"","",""
"148",20,"7","3","B_ctrl",7,250616,1,28252.5,10.8,"","",""
"149",20,"7","3","B_ctrl",9,250618,1,28243.1,9.4,"","",""
"150",20,"7","3","B_ctrl",11,250620,1,28237,6.1,"","",""
"151",20,"7","3","B_ctrl",14,250623,1,28227.4,9.6,"","",""
"152",21,"7","3","B_ctrl",0,250609,0,28161.1,NA,"","",""
"153",21,"7","3","B_ctrl",2,250611,0,28134,27.1,"","",""
"154",21,"7","3","B_ctrl",4,250613,0,28072.4,61.6,"","",""
"155",21,"7","3","B_ctrl",7,250616,0,27966.7,105.7,"","",""
"156",21,"7","3","B_ctrl",9,250618,1,27958.5,8.2,"","",""
"157",21,"7","3","B_ctrl",11,250620,1,27952.8,5.7,"","",""
"158",21,"7","3","B_ctrl",14,250623,1,27943.4,9.4,"","",""
"159",22,"10","3","B_ctrl",0,250609,0,23719.3,NA,"","",""
"160",22,"10","3","B_ctrl",2,250611,0,23631.3,88,"","",""
"161",22,"10","3","B_ctrl",4,250613,0,23592.7,38.6,"","",""
"162",22,"10","3","B_ctrl",7,250616,0,23545.5,47.2,"","",""
"163",22,"10","3","B_ctrl",9,250618,0,23504.9,40.6,"","",""
"164",22,"10","3","B_ctrl",11,250620,0,23482.2,22.7,"","",""
"165",22,"10","3","B_ctrl",14,250623,1,23469.8,12.4,"","",""
"166",23,"10","3","B_ctrl",0,250609,0,25980.7,NA,"","",""
"167",23,"10","3","B_ctrl",2,250611,0,25946.7,34,"","",""
"168",23,"10","3","B_ctrl",4,250613,0,25910.3,36.4,"","",""
"169",23,"10","3","B_ctrl",7,250616,1,25899.2,11.1,"","",""
"170",23,"10","3","B_ctrl",9,250618,1,25889.1,10.1,"","",""
"171",23,"10","3","B_ctrl",11,250620,1,25880.6,8.5,"","",""
"172",23,"10","3","B_ctrl",14,250623,1,25867.4,13.2,"","",""
"173",24,"10","3","B_ctrl",0,250609,0,28165.7,NA,"","",""
"174",24,"10","3","B_ctrl",2,250611,0,28086.7,79,"","",""
"175",24,"10","3","B_ctrl",4,250613,0,28015.2,71.5,"","",""
"176",24,"10","3","B_ctrl",7,250616,0,27898.9,116.3,"drips","",""
"177",24,"10","3","B_ctrl",9,250618,0,27812.1,86.8,"","",""
"178",24,"10","3","B_ctrl",11,250620,0,27712.5,99.6,"","",""
"179",24,"10","3","B_ctrl",14,250623,0,27650.4,62.1,"","",""
"180",24,"10","3","B_ctrl",16,250625,0,27603.2,47.2,"drips on paper","",""
"181",24,"10","3","B_ctrl",18,250627,0,27567.5,35.7,"","",""
"182",24,"10","3","B_ctrl",21,250630,1,27532.6,34.9,"","",""
"183",25,"10","3","B_ctrl",0,250609,0,24130.1,NA,"","",""
"184",25,"10","3","B_ctrl",2,250611,0,24039.7,90.4,"","",""
"185",25,"10","3","B_ctrl",4,250613,0,23606.5,433.2,"","ants",""
"186",25,"10","3","B_ctrl",7,250616,0,23473.5,133,"","",""
"187",25,"10","3","B_ctrl",9,250618,0,23392.1,81.4,"","",""
"188",25,"10","3","B_ctrl",11,250620,0,23333.6,58.5,"","",""
"189",25,"10","3","B_ctrl",14,250623,0,23226.7,106.9,"","",""
"190",25,"10","3","B_ctrl",16,250625,0,23122.9,103.8,"","",""
"191",25,"10","3","B_ctrl",18,250627,0,23032.5,90.4,"","",""
"192",25,"10","3","B_ctrl",21,250630,0,22864,168.5,"","",""
"193",25,"10","3","B_ctrl",23,250702,1,22741.6,122.4,"","",""
"194",26,"9","3","B_ctrl",0,250609,0,28429.7,NA,"","",""
"195",26,"9","3","B_ctrl",2,250611,0,28400.9,28.8,"","",""
"196",26,"9","3","B_ctrl",4,250613,1,28380,20.9,"","",""
"197",26,"9","3","B_ctrl",7,250616,1,28370.5,9.5,"","",""
"198",26,"9","3","B_ctrl",9,250618,1,28362.2,8.3,"","",""
"199",26,"9","3","B_ctrl",11,250620,1,28357.6,4.6,"","",""
"200",26,"9","3","B_ctrl",14,250623,1,28348.4,9.2,"","",""
"201",27,"9","3","B_ctrl",0,250609,0,28017.9,NA,"","",""
"202",27,"9","3","B_ctrl",2,250611,0,27994.3,23.6,"","",""
"203",27,"9","3","B_ctrl",4,250613,0,27965.8,28.5,"","",""
"204",27,"9","3","B_ctrl",7,250616,0,27901.4,64.4,"","",""
"205",27,"9","3","B_ctrl",9,250618,0,27869.5,31.9,"","",""
"206",27,"9","3","B_ctrl",11,250620,0,27836.2,33.3,"","",""
"207",27,"9","3","B_ctrl",14,250623,0,27780.2,56,"","",""
"208",27,"9","3","B_ctrl",16,250625,0,27757,23.2,"","",""
"209",27,"9","3","B_ctrl",18,250627,1,27742.2,14.8,"","",""
"210",28,"9","3","B_ctrl",0,250609,0,20838.4,NA,"","",""
"211",28,"9","3","B_ctrl",2,250611,0,20811.7,26.7,"","",""
"212",28,"9","3","B_ctrl",4,250613,0,20790,21.7,"","",""
"213",28,"9","3","B_ctrl",7,250616,0,20750.5,39.5,"","",""
"214",28,"9","3","B_ctrl",9,250618,0,20713.7,36.8,"","",""
"215",28,"9","3","B_ctrl",11,250620,0,20684.7,29,"","",""
"216",28,"9","3","B_ctrl",14,250623,0,20643.7,41,"","",""
"217",28,"9","3","B_ctrl",16,250625,0,20613.9,29.8,"","",""
"218",28,"9","3","B_ctrl",18,250627,0,20586.1,27.8,"","",""
"219",28,"9","3","B_ctrl",21,250630,0,20536.2,49.9,"","",""
"220",28,"9","3","B_ctrl",23,250702,0,20506.1,30.1,"","",""
"221",28,"9","3","B_ctrl",25,250704,0,20473.2,32.9,"","",""
"222",28,"9","3","B_ctrl",28,250707,0,20424.8,48.4,"large bubble","",""
"223",28,"9","3","B_ctrl",30,250709,1,20418.8,6,"","",""
"224",29,"7","3","B_ctrl",0,250609,0,28214.3,NA,"","",""
"225",29,"7","3","B_ctrl",2,250611,0,28184.4,29.9,"","",""
"226",29,"7","3","B_ctrl",4,250613,0,28151.2,33.2,"","",""
"227",29,"7","3","B_ctrl",7,250616,0,28101,50.2,"","",""
"228",29,"7","3","B_ctrl",9,250618,0,28060.8,40.2,"","",""
"229",29,"7","3","B_ctrl",11,250620,0,28024.6,36.2,"","",""
"230",29,"7","3","B_ctrl",14,250623,0,27969.6,55,"","",""
"231",29,"7","3","B_ctrl",16,250625,0,27941.4,28.2,"","",""
"232",29,"7","3","B_ctrl",18,250627,0,27901.3,40.1,"","",""
"233",29,"7","3","B_ctrl",21,250630,0,27825,76.3,"","",""
"234",29,"7","3","B_ctrl",23,250702,1,27809.1,15.9,"","",""
"235",30,"7","3","B_ctrl",0,250609,0,28130.4,NA,"","",""
"236",30,"7","3","B_ctrl",2,250611,0,28113.3,17.1,"","",""
"237",30,"7","3","B_ctrl",4,250613,0,28093.1,20.2,"","",""
"238",30,"7","3","B_ctrl",7,250616,0,28035.6,57.5,"","",""
"239",30,"7","3","B_ctrl",9,250618,0,27992.9,42.7,"","",""
"240",30,"7","3","B_ctrl",11,250620,0,27958.8,34.1,"","",""
"241",30,"7","3","B_ctrl",14,250623,0,27920.3,38.5,"","",""
"242",30,"7","3","B_ctrl",16,250625,0,27892.5,27.8,"","",""
"243",30,"7","3","B_ctrl",18,250627,0,27852.5,40,"","",""
"244",30,"7","3","B_ctrl",21,250630,1,27816.7,35.8,"","",""
"245",31,"7","4","A_ctrl",0,250623,0,30052.3,NA,"","",""
"246",31,"7","4","A_ctrl",2,250625,0,29841.3,211,"","",""
"247",31,"7","4","A_ctrl",4,250627,1,29827.1,14.2,"","",""
"248",31,"7","4","A_ctrl",7,250630,1,29817.9,9.2,"","",""
"249",31,"7","4","A_ctrl",9,250702,1,29812.8,5.1,"","",""
"250",31,"7","4","A_ctrl",11,250704,1,29806.4,6.4,"","",""
"251",31,"7","4","A_ctrl",14,250707,1,29797.3,9.1,"","",""
"252",32,"8","4","A_ctrl",0,250623,0,29590.6,NA,"","",""
"253",32,"8","4","A_ctrl",2,250625,0,29408.3,182.3,"","",""
"254",32,"8","4","A_ctrl",4,250627,0,29187,221.3,"","",""
"255",32,"8","4","A_ctrl",7,250630,0,28347.8,839.2,"paper moist","",""
"256",32,"8","4","A_ctrl",9,250702,0,27972,375.8,"","",""
"257",32,"8","4","A_ctrl",11,250704,1,27880.7,91.3,"dried sugar pooled on top","",""
"258",32,"8","4","A_ctrl",14,250707,1,27864.3,16.4,"mold","",""
"259",33,"8","4","A_ctrl",0,250623,0,29940.7,NA,"","",""
"260",33,"8","4","A_ctrl",2,250625,1,29933.3,7.4,"","",""
"261",33,"8","4","A_ctrl",4,250627,1,29928.1,5.2,"","",""
"262",33,"8","4","A_ctrl",7,250630,1,29907.8,20.3,"","",""
"263",33,"8","4","A_ctrl",9,250702,1,29888.4,19.4,"","",""
"264",33,"8","4","A_ctrl",11,250704,1,29861,27.4,"","",""
"265",33,"8","4","A_ctrl",14,250707,1,29824.7,36.3,"","",""
"266",34,"8","4","A_ctrl",0,250623,0,26602.7,NA,"","",""
"267",34,"8","4","A_ctrl",2,250625,0,26410.5,192.2,"drips","",""
"268",34,"8","4","A_ctrl",4,250627,0,26395.4,15.1,"","",""
"269",34,"8","4","A_ctrl",7,250630,1,25806.7,588.7,"drips","",""
"270",34,"8","4","A_ctrl",9,250702,1,25387.7,419,"","",""
"271",34,"8","4","A_ctrl",11,250704,1,24924.3,463.4,"","",""
"272",34,"8","4","A_ctrl",14,250707,1,25351.8,-427.5,"fungus growing","",""
"273",35,"7","4","A_ctrl",0,250623,0,31423.4,NA,"","",""
"274",35,"7","4","A_ctrl",2,250625,0,30130.6,1292.8,"","",""
"275",35,"7","4","A_ctrl",4,250627,0,29604,526.6,"","",""
"276",35,"7","4","A_ctrl",7,250630,0,28693.2,910.8,"drips","",""
"277",35,"7","4","A_ctrl",9,250702,0,28617.6,75.6,"","",""
"278",35,"7","4","A_ctrl",11,250704,0,28580,37.6,"moribund","",""
"279",35,"7","4","A_ctrl",14,250707,1,28562.1,17.9,"","",""
"280",36,"7","4","A_ctrl",0,250623,0,26781.5,NA,"","",""
"281",36,"7","4","A_ctrl",2,250625,1,26767.7,13.8,"","",""
"282",36,"7","4","A_ctrl",4,250627,1,26756.5,11.2,"","",""
"283",36,"7","4","A_ctrl",7,250630,1,26743.4,13.1,"","",""
"284",36,"7","4","A_ctrl",9,250702,1,26732.7,10.7,"","",""
"285",36,"7","4","A_ctrl",11,250704,1,26719.5,13.2,"","",""
"286",36,"7","4","A_ctrl",14,250707,1,26687.1,32.4,"","",""
"287",37,"7","4","A_ctrl",0,250623,0,31289.1,NA,"","",""
"288",37,"7","4","A_ctrl",2,250625,0,31278.7,10.4,"","",""
"289",37,"7","4","A_ctrl",4,250627,1,31266.9,11.8,"","",""
"290",37,"7","4","A_ctrl",7,250630,1,31252.2,14.7,"","",""
"291",37,"7","4","A_ctrl",9,250702,1,31243.6,8.6,"","",""
"292",37,"7","4","A_ctrl",11,250704,1,31232.8,10.8,"","",""
"293",37,"7","4","A_ctrl",14,250707,1,31219.1,13.7,"","",""
"294",38,"7","4","B_ctrl",0,250623,0,28589.2,NA,"","",""
"295",38,"7","4","B_ctrl",2,250625,0,28559.1,30.1,"","",""
"296",38,"7","4","B_ctrl",4,250627,0,28509.2,49.9,"","",""
"297",38,"7","4","B_ctrl",7,250630,0,28427.1,82.1,"","",""
"298",38,"7","4","B_ctrl",9,250702,0,28376.8,50.3,"","",""
"299",38,"7","4","B_ctrl",11,250704,0,28249.7,127.1,"","",""
"300",38,"7","4","B_ctrl",14,250707,0,28205.9,43.8,"mold","",""
"301",38,"7","4","B_ctrl",16,250709,0,28142,63.9,"mold","",""
"302",38,"7","4","B_ctrl",18,250711,0,28136.3,5.7,"mold","",""
"303",38,"7","4","B_ctrl",21,250714,0,27802.9,333.4,"mold","",""
"304",38,"7","4","B_ctrl",23,250716,0,27747,55.9,"mold","",""
"305",38,"7","4","B_ctrl",25,250718,0,27653.4,93.6,"mold","",""
"306",38,"7","4","B_ctrl",28,250721,0,27499.1,154.3,"","",""
"307",38,"7","4","B_ctrl",30,250723,1,27455.4,43.7,"","",""
"308",39,"7","4","B_ctrl",0,250623,0,28542.6,NA,"","",""
"309",39,"7","4","B_ctrl",2,250625,1,28531.4,11.2,"","",""
"310",39,"7","4","B_ctrl",4,250627,1,28521.8,9.6,"","",""
"311",39,"7","4","B_ctrl",7,250630,1,28508.8,13,"","",""
"312",39,"7","4","B_ctrl",9,250702,1,28500.9,7.9,"","",""
"313",39,"7","4","B_ctrl",11,250704,1,28490.2,10.7,"","",""
"314",39,"7","4","B_ctrl",14,250707,1,28478,12.2,"","",""
"315",40,"5","4","B_ctrl",0,250623,0,28676.5,NA,"","",""
"316",40,"5","4","B_ctrl",2,250625,0,28623.6,52.9,"","",""
"317",40,"5","4","B_ctrl",4,250627,0,28594.7,28.9,"","",""
"318",40,"5","4","B_ctrl",7,250630,0,28558.9,35.8,"","",""
"319",40,"5","4","B_ctrl",9,250702,0,28447.1,111.8,"","",""
"320",40,"5","4","B_ctrl",11,250704,0,28365.3,81.8,"","",""
"321",40,"5","4","B_ctrl",14,250707,0,28074.5,290.8,"","",""
"322",40,"5","4","B_ctrl",16,250709,0,28046.7,27.8,"","",""
"323",40,"5","4","B_ctrl",18,250711,0,28008.9,37.8,"","",""
"324",40,"5","4","B_ctrl",21,250714,0,27925.9,83,"","",""
"325",40,"5","4","B_ctrl",23,250716,0,27831.5,94.4,"","",""
"326",40,"5","4","B_ctrl",25,250718,1,27813.7,17.8,"","",""
"327",41,"5","4","B_ctrl",0,250623,0,28662.8,NA,"","",""
"328",41,"5","4","B_ctrl",2,250625,0,28582.8,80,"","",""
"329",41,"5","4","B_ctrl",4,250627,0,28537,45.8,"","",""
"330",41,"5","4","B_ctrl",7,250630,0,28492.2,44.8,"","",""
"331",41,"5","4","B_ctrl",9,250702,1,28485.4,6.8,"","",""
"332",41,"5","4","B_ctrl",11,250704,1,28477.1,8.3,"","",""
"333",41,"5","4","B_ctrl",14,250707,1,28466.2,10.9,"","",""
"334",42,"5","4","B_ctrl",0,250623,0,28957.9,NA,"","",""
"335",42,"5","4","B_ctrl",2,250625,0,28858.3,99.6,"","",""
"336",42,"5","4","B_ctrl",4,250627,0,28765.2,93.1,"","",""
"337",42,"5","4","B_ctrl",7,250630,0,28705.9,59.3,"","",""
"338",42,"5","4","B_ctrl",9,250702,0,28618.1,87.8,"","",""
"339",42,"5","4","B_ctrl",11,250704,0,28537.3,80.8,"","",""
"340",42,"5","4","B_ctrl",14,250707,1,28497.7,39.6,"","",""
"341",43,"5","4","B_ctrl",0,250623,0,28602,NA,"","",""
"342",43,"5","4","B_ctrl",2,250625,0,28391.8,210.2,"","",""
"343",43,"5","4","B_ctrl",4,250627,1,28378.8,13,"","",""
"344",43,"5","4","B_ctrl",7,250630,1,28363.4,15.4,"","",""
"345",43,"5","4","B_ctrl",9,250702,1,28354.6,8.8,"","",""
"346",43,"5","4","B_ctrl",11,250704,1,28343.1,11.5,"","",""
"347",43,"5","4","B_ctrl",14,250707,1,28328.7,14.4,"","",""
"348",44,"5","4","B_ctrl",0,250623,0,28717,NA,"","",""
"349",44,"5","4","B_ctrl",2,250625,0,28684.1,32.9,"","",""
"350",44,"5","4","B_ctrl",4,250627,0,28624.2,59.9,"","",""
"351",44,"5","4","B_ctrl",7,250630,0,28534.4,89.8,"","",""
"352",44,"5","4","B_ctrl",9,250702,0,28450.5,83.9,"","",""
"353",44,"5","4","B_ctrl",11,250704,0,28315.7,134.8,"","",""
"354",44,"5","4","B_ctrl",14,250707,1,28234.1,81.6,"","",""
"355",45,"7","4","A_ctrl",0,250630,0,26085.8,NA,"","",""
"356",45,"7","4","A_ctrl",2,250702,0,26064.7,21.1,"","",""
"357",45,"7","4","A_ctrl",4,250704,0,25514.7,550,"Large drip on side of dish","",""
"358",45,"7","4","A_ctrl",7,250707,0,25452,62.7,"","",""
"359",45,"7","4","A_ctrl",9,250709,0,25220.3,231.7,"large drips","",""
"360",45,"7","4","A_ctrl",11,250711,0,24872.1,348.2,"","",""
"361",45,"7","4","A_ctrl",14,250714,0,24410,462.1,"","",""
"362",45,"7","4","A_ctrl",16,250716,1,24283,127,"","",""
"363",46,"7","4","A_ctrl",0,250630,0,26572.4,NA,"","",""
"364",46,"7","4","A_ctrl",2,250702,0,26490.3,82.1,"","",""
"365",46,"7","4","A_ctrl",4,250704,1,26477.4,12.9,"","",""
"366",46,"7","4","A_ctrl",7,250707,1,25454.9,1022.5,"","",""
"367",46,"7","4","A_ctrl",9,250709,1,26459,-1004.1,"","",""
"368",46,"7","4","A_ctrl",11,250711,1,26453.2,5.8,"","",""
"369",46,"7","4","A_ctrl",14,250714,1,26439,14.2,"","",""
"370",47,"9_11","4","A_ctrl",0,250630,0,26714.9,NA,"","",""
"371",47,"9_11","4","A_ctrl",2,250702,1,26708.1,6.8,"","",""
"372",47,"9_11","4","A_ctrl",4,250704,1,26698,10.1,"","",""
"373",47,"9_11","4","A_ctrl",7,250707,1,26685,13,"","",""
"374",47,"9_11","4","A_ctrl",9,250709,1,26678.9,6.1,"","",""
"375",47,"9_11","4","A_ctrl",11,250711,1,26667.1,11.8,"","",""
"376",47,"9_11","4","A_ctrl",14,250714,1,26649.8,17.3,"","",""
"377",48,"7","4","A_ctrl",0,250630,0,26486,NA,"","",""
"378",48,"7","4","A_ctrl",2,250702,0,26462.7,23.3,"","",""
"379",48,"7","4","A_ctrl",4,250704,0,26394.2,68.5,"","",""
"380",48,"7","4","A_ctrl",7,250707,0,26352.8,41.4,"","",""
"381",48,"7","4","A_ctrl",9,250709,0,26051,301.8,"","",""
"382",48,"7","4","A_ctrl",11,250711,0,26027.3,23.7,"","",""
"383",48,"7","4","A_ctrl",14,250714,1,26010.4,16.9,"","",""
"384",49,"7","4","B_ctrl",0,250630,0,25698.8,NA,"","",""
"385",49,"7","4","B_ctrl",2,250702,0,25581.4,117.4,"","",""
"386",49,"7","4","B_ctrl",4,250704,0,25473.8,107.6,"","",""
"387",49,"7","4","B_ctrl",7,250707,0,25410.1,63.7,"","",""
"388",49,"7","4","B_ctrl",9,250709,0,25368.4,41.7,"","",""
"389",49,"7","4","B_ctrl",11,250711,0,25280.4,88,"","",""
"390",49,"7","4","B_ctrl",14,250714,0,25219.3,61.1,"","",""
"391",49,"7","4","B_ctrl",16,250716,0,25073.7,145.6,"","",""
"392",49,"7","4","B_ctrl",18,250718,0,25029.9,43.8,"","",""
"393",49,"7","4","B_ctrl",21,250721,1,24983.4,46.5,"","",""
"394",50,"7","4","B_ctrl",0,250630,0,25259.4,NA,"","",""
"395",50,"7","4","B_ctrl",2,250702,0,25213.5,45.9,"","",""
"396",50,"7","4","B_ctrl",4,250704,0,25148.8,64.7,"","",""
"397",50,"7","4","B_ctrl",7,250707,0,25092.4,56.4,"","",""
"398",50,"7","4","B_ctrl",9,250709,0,25047.4,45,"","",""
"399",50,"7","4","B_ctrl",11,250711,0,24985,62.4,"","",""
"400",50,"7","4","B_ctrl",14,250714,0,24434.8,550.2,"","",""
"401",50,"7","4","B_ctrl",16,250716,0,24368.2,66.6,"","",""
"402",50,"7","4","B_ctrl",18,250718,0,24304.4,63.8,"","",""
"403",50,"7","4","B_ctrl",21,250721,1,24275.8,28.6,"","",""
"404",51,"7","4","B_ctrl",0,250630,0,24993.1,NA,"","",""
"405",51,"7","4","B_ctrl",2,250702,0,24814.7,178.4,"","",""
"406",51,"7","4","B_ctrl",4,250704,0,24733.4,81.3,"","",""
"407",51,"7","4","B_ctrl",7,250707,0,24668.8,64.6,"","",""
"408",51,"7","4","B_ctrl",9,250709,0,24558.3,110.5,"","",""
"409",51,"7","4","B_ctrl",11,250711,0,24520.3,38,"","",""
"410",51,"7","4","B_ctrl",14,250714,0,24273.1,247.2,"","",""
"411",51,"7","4","B_ctrl",16,250716,0,24130.6,142.5,"","",""
"412",51,"7","4","B_ctrl",18,250718,0,24043.6,87,"","",""
"413",51,"7","4","B_ctrl",21,250721,0,23455,588.6,"","",""
"414",52,"7","4","B_ctrl",0,250630,0,25498.8,NA,"","",""
"415",52,"7","4","B_ctrl",2,250702,0,25483.1,15.7,"","",""
"416",52,"7","4","B_ctrl",4,250704,0,25423.9,59.2,"","",""
"417",52,"7","4","B_ctrl",7,250707,0,25377.8,46.1,"","",""
"418",52,"7","4","B_ctrl",9,250709,0,25285.6,92.2,"","",""
"419",52,"7","4","B_ctrl",11,250711,0,25190.4,95.2,"","",""
"420",52,"7","4","B_ctrl",14,250714,0,25136.4,54,"","",""
"421",52,"7","4","B_ctrl",16,250716,0,24980.3,156.1,"","",""
"422",52,"7","4","B_ctrl",18,250718,0,24935.9,44.4,"","",""
"423",52,"7","4","B_ctrl",21,250721,0,24560.9,375,"","",""
"424",52,"7","4","B_ctrl",23,250723,0,24524.3,36.6,"","",""
"425",52,"7","4","B_ctrl",25,250725,0,24448.8,75.5,"","",""
"426",52,"7","4","B_ctrl",28,250728,0,24291.2,157.6,"","",""
"427",52,"7","4","B_ctrl",30,250730,0,24243.5,47.7,"","",""
"428",52,"7","4","B_ctrl",32,250801,0,24151.9,91.6,"","",""
"429",52,"7","4","B_ctrl",35,250804,1,24088.5,63.4,"","",""
"430",53,"14","4","A_ctrl",0,250707,0,26979.8,NA,"","",""
"431",53,"14","4","A_ctrl",2,250709,0,26747,232.8,"","",""
"432",53,"14","4","A_ctrl",4,250711,0,26472.8,274.2,"","",""
"433",53,"14","4","A_ctrl",7,250714,1,26334.4,138.4,"","",""
"434",53,"14","4","A_ctrl",9,250716,1,26327.2,7.2,"","",""
"435",53,"14","4","A_ctrl",11,250718,1,26320.8,6.4,"","",""
"436",53,"14","4","A_ctrl",14,250721,1,26310.5,10.3,"","",""
"437",54,"14","4","A_ctrl",0,250707,0,25860.9,NA,"","",""
"438",54,"14","4","A_ctrl",2,250709,0,25818.3,42.6,"","",""
"439",54,"14","4","A_ctrl",4,250711,0,25810.9,7.4,"","",""
"440",54,"14","4","A_ctrl",7,250714,0,25739.7,71.2,"","",""
"441",54,"14","4","A_ctrl",9,250716,0,25628.2,111.5,"","",""
"442",54,"14","4","A_ctrl",11,250718,0,25550.9,77.3,"","",""
"443",54,"14","4","A_ctrl",14,250721,0,25368.2,182.7,"","",""
"444",54,"14","4","A_ctrl",16,250723,0,25135.8,232.4,"","",""
"445",54,"14","4","A_ctrl",18,250725,0,25068.9,66.9,"","",""
"446",54,"14","4","A_ctrl",21,250728,0,24738.3,330.6,"","",""
"447",54,"14","4","A_ctrl",23,250730,0,24475.7,262.6,"","",""
"448",54,"14","4","A_ctrl",25,250801,0,24239.4,236.3,"","",""
"449",54,"14","4","A_ctrl",28,250804,0,23663.4,576,"wet paper - changed paper","",""
"450",54,"14","4","A_ctrl",30,250806,1,23632.6,30.8,"","",""
"451",55,"14","4","A_ctrl",0,250707,0,26436.2,NA,"","",""
"452",55,"14","4","A_ctrl",2,250709,0,25244.2,1192,"","",""
"453",55,"14","4","A_ctrl",4,250711,0,24473.9,770.3,"wet paper","",""
"454",55,"14","4","A_ctrl",7,250714,0,23859.9,614,"","",""
"455",55,"14","4","A_ctrl",9,250716,1,23782.9,77,"","",""
"456",55,"14","4","A_ctrl",11,250718,1,23776,6.9,"","",""
"457",55,"14","4","A_ctrl",14,250721,1,23731.8,44.2,"","",""
"458",56,"14","4","A_ctrl",0,250707,0,25586.7,NA,"","",""
"459",56,"14","4","A_ctrl",2,250709,0,25408,178.7,"","",""
"460",56,"14","4","A_ctrl",4,250711,0,24801.4,606.6,"","",""
"461",56,"14","4","A_ctrl",7,250714,1,24778.6,22.8,"","",""
"462",56,"14","4","A_ctrl",9,250716,1,24768.5,10.1,"","",""
"463",56,"14","4","A_ctrl",11,250718,1,24762.1,6.4,"","",""
"464",56,"14","4","A_ctrl",14,250721,1,24745.2,16.9,"","",""
"465",57,"10","4","B_ctrl",0,250707,0,27317.8,NA,"","",""
"466",57,"10","4","B_ctrl",2,250709,0,27279.6,38.2,"","",""
"467",57,"10","4","B_ctrl",4,250711,0,27214.5,65.1,"","",""
"468",57,"10","4","B_ctrl",7,250714,0,27140.6,73.9,"mold","",""
"469",57,"10","4","B_ctrl",9,250716,0,27079.3,61.3,"","",""
"470",57,"10","4","B_ctrl",11,250718,0,27031.6,47.7,"","",""
"471",57,"10","4","B_ctrl",14,250721,0,26991.2,40.4,"","",""
"472",57,"10","4","B_ctrl",16,250723,0,26933.8,57.4,"","",""
"473",57,"10","4","B_ctrl",18,250725,1,26903.6,30.2,"","",""
"474",58,"12_13","4","B_ctrl",0,250707,0,28125.5,NA,"","",""
"475",58,"12_13","4","B_ctrl",2,250709,0,28102.7,22.8,"","",""
"476",58,"12_13","4","B_ctrl",4,250711,0,28044.9,57.8,"","",""
"477",58,"12_13","4","B_ctrl",7,250714,0,28025.1,19.8,"","",""
"478",58,"12_13","4","B_ctrl",9,250716,0,27960.6,64.5,"","",""
"479",58,"12_13","4","B_ctrl",11,250718,0,27880.9,79.7,"","",""
"480",58,"12_13","4","B_ctrl",14,250721,0,27816.6,64.3,"","",""
"481",58,"12_13","4","B_ctrl",16,250723,0,27727.6,89,"","",""
"482",58,"12_13","4","B_ctrl",18,250725,0,27686.8,40.8,"","",""
"483",58,"12_14","4","B_ctrl",21,250728,0,27621.2,65.6,"","",""
"484",58,"12_14","4","B_ctrl",23,250730,0,27545.9,75.3,"","",""
"485",58,"12_15","4","B_ctrl",25,250801,1,27485.2,60.7,"","",""
"486",59,"14","4","B_ctrl",0,250707,0,28438.1,NA,"","",""
"487",59,"14","4","B_ctrl",2,250709,0,28376.5,61.6,"","",""
"488",59,"14","4","B_ctrl",4,250711,0,28348.3,28.2,"","",""
"489",59,"14","4","B_ctrl",7,250714,0,27907.5,440.8,"","",""
"490",59,"14","4","B_ctrl",9,250716,1,27674.9,232.6,"mold","",""
"491",59,"14","4","B_ctrl",11,250718,1,27488.6,186.3,"","",""
"492",59,"14","4","B_ctrl",14,250721,1,37180.9,-9692.3,"","",""
"493",60,"14","4","B_ctrl",0,250707,0,28568.8,NA,"","",""
"494",60,"14","4","B_ctrl",2,250709,0,28512.5,56.3,"","",""
"495",60,"14","4","B_ctrl",4,250711,0,28454.2,58.3,"","",""
"496",60,"14","4","B_ctrl",7,250714,0,28356.4,97.8,"","",""
"497",60,"14","4","B_ctrl",9,250716,0,28289.3,67.1,"","",""
"498",60,"14","4","B_ctrl",11,250718,0,28227.7,61.6,"","",""
"499",60,"14","4","B_ctrl",14,250721,0,28123.2,104.5,"","",""
"500",60,"14","4","B_ctrl",16,250723,0,28007.8,115.4,"","",""
"501",60,"14","4","B_ctrl",18,250725,0,27905.4,102.4,"","",""
"502",60,"14","4","B_ctrl",21,250728,0,27683.2,222.2,"","",""
"503",60,"14","4","B_ctrl",23,250730,0,27544.5,138.7,"","",""
"504",60,"14","4","B_ctrl",25,250801,0,27323.9,220.6,"","",""
"505",60,"14","4","B_ctrl",28,250804,0,27042,281.9,"","",""
"506",60,"14","4","B_ctrl",30,250806,0,26804.3,237.7,"","",""
"507",60,"14","4","B_ctrl",32,250808,1,26651.9,152.4,"","",""
"508",61,"14","3","B_ail",0,250707,0,27364.1,NA,"","",""
"509",61,"14","3","B_ail",2,250709,0,27329.2,34.9,"","",""
"510",61,"14","3","B_ail",4,250711,0,27276.6,52.6,"","",""
"511",61,"14","3","B_ail",7,250714,0,27178.1,98.5,"","",""
"512",61,"14","3","B_ail",9,250716,1,27166.8,11.3,"","",""
"513",61,"14","3","B_ail",11,250718,1,27158.1,8.7,"","",""
"514",61,"14","3","B_ail",14,250721,1,27143.2,14.9,"","",""
"515",62,"14","3","B_ail",0,250707,0,24857.5,NA,"","",""
"516",62,"14","3","B_ail",2,250709,0,24805.7,51.8,"","",""
"517",62,"14","3","B_ail",4,250711,0,24724.9,80.8,"","",""
"518",62,"14","3","B_ail",7,250714,0,24605.8,119.1,"","",""
"519",62,"14","3","B_ail",9,250716,0,21818.9,2786.9,"wet paper","",""
"520",62,"14","3","B_ail",11,250718,0,21714,104.9,"","",""
"521",62,"14","3","B_ail",14,250721,0,21540.3,173.7,"","",""
"522",62,"14","3","B_ail",16,250723,1,21428.2,112.1,"","",""
"523",63,"10","3","B_ail",0,250707,0,28353.3,NA,"","",""
"524",63,"10","3","B_ail",2,250709,0,28281.7,71.6,"","","molted"
"525",63,"10","3","B_ail",4,250711,0,28245.6,36.1,"","",""
"526",63,"10","3","B_ail",7,250714,1,28144.9,100.7,"","",""
"527",63,"10","3","B_ail",9,250716,1,28090.1,54.8,"","",""
"528",63,"10","3","B_ail",11,250718,1,28045.1,45,"","",""
"529",63,"10","3","B_ail",14,250721,1,27973,72.1,"","",""
"530",64,"10","3","B_ail",0,250707,0,25518.5,NA,"","",""
"531",64,"10","3","B_ail",2,250709,0,25444.9,73.6,"","",""
"532",64,"10","3","B_ail",4,250711,0,25361.8,83.1,"","",""
"533",64,"10","3","B_ail",7,250714,1,25320.1,41.7,"","",""
"534",64,"10","3","B_ail",9,250716,1,25305.7,14.4,"","",""
"535",64,"10","3","B_ail",11,250718,1,25292.3,13.4,"","",""
"536",64,"10","3","B_ail",14,250721,1,25266.6,25.7,"","",""
"537",65,"10","3","B_ail",0,250707,0,28580.3,NA,"","",""
"538",65,"10","3","B_ail",2,250709,0,28559.1,21.2,"","","molted"
"539",65,"10","3","B_ail",4,250711,0,23149.3,5409.8,"paper soaked, large bubble","",""
"540",65,"10","3","B_ail",7,250714,0,21681,1468.3,"large bubble","",""
"541",65,"10","3","B_ail",9,250716,0,21520,161,"","",""
"542",65,"10","3","B_ail",11,250718,0,20889.3,630.7,"parafiilm torn","",""
"543",65,"10","3","B_ail",14,250721,1,19416.2,1473.1,"really messed up","",""
"544",66,"12_13","3","B_ail",0,250707,0,25406.7,NA,"","",""
"545",66,"12_13","3","B_ail",2,250709,1,24489.6,917.1,"","",""
"546",66,"12_13","3","B_ail",4,250711,1,24477.9,11.7,"","",""
"547",66,"12_13","3","B_ail",7,250714,1,24449.3,28.6,"","",""
"548",66,"12_13","3","B_ail",9,250716,1,24431.2,18.1,"","",""
"549",66,"12_13","3","B_ail",11,250718,1,24419.2,12,"","",""
"550",66,"12_13","3","B_ail",14,250721,1,24400.3,18.9,"","",""
"551",67,"12_13","3","B_ail",0,250707,0,24430.3,NA,"","",""
"552",67,"12_13","3","B_ail",2,250709,0,24380.5,49.8,"","",""
"553",67,"12_13","3","B_ail",4,250711,0,24352.9,27.6,"","",""
"554",67,"12_13","3","B_ail",7,250714,0,24266.3,86.6,"","",""
"555",67,"12_13","3","B_ail",9,250716,0,23922.3,344,"","",""
"556",67,"12_13","3","B_ail",11,250718,0,23503.4,418.9,"","",""
"557",67,"12_13","3","B_ail",14,250721,0,22789.6,713.8,"","",""
"558",67,"12_13","3","B_ail",16,250723,0,22256.8,532.8,"","",""
"559",67,"12_13","3","B_ail",18,250725,0,21708.8,548,"","",""
"560",67,"12_13","3","B_ail",21,250728,0,20680.8,1028,"","",""
"561",67,"12_13","3","B_ail",23,250730,0,20177.5,503.3,"","",""
"562",67,"12_13","3","B_ail",25,250801,0,19463.1,714.4,"","",""
"563",67,"12_13","3","B_ail",28,250804,0,18397.1,1066,"mold growing and gash in Parafilm","",""
"564",67,"12_13","3","B_ail",30,250806,0,17383.6,1013.5,"mold growing and gash in Parafilm","",""
"565",67,"12_13","3","B_ail",32,250808,0,16614.8,768.8,"mold growing and gash in Parafilm","",""
"566",67,"12_13","3","B_ail",35,250811,0,15301.3,1313.5,"moribund, mold growing and gash in Parafilm","",""
"567",67,"12_13","3","B_ail",37,250813,1,14606.2,695.1,"dead, mold growing and gash in Parafilm","",""
"568",68,"12_13","3","B_ail",0,250707,0,28223.5,NA,"","",""
"569",68,"12_13","3","B_ail",2,250709,0,28139.3,84.2,"","",""
"570",68,"12_13","3","B_ail",4,250711,0,27899.1,240.2,"","",""
"571",68,"12_13","3","B_ail",7,250714,0,26929.6,969.5,"spilled","",""
"572",68,"12_13","3","B_ail",9,250716,0,26642.9,286.7,"","",""
"573",68,"12_13","3","B_ail",11,250718,0,26381.6,261.3,"","",""
"574",68,"12_13","3","B_ail",14,250721,0,25944.6,437,"","",""
"575",68,"12_13","3","B_ail",16,250723,0,25577.7,366.9,"","",""
"576",68,"12_14","3","B_ail",18,250725,0,25246,331.7,"","",""
"577",68,"12_15","3","B_ail",21,250725,0,24634.7,611.3,"","",""
"578",68,"12_15","3","B_ail",23,250730,0,24256.4,378.3,"","",""
"579",68,"12_16","3","B_ail",25,250801,1,23730.5,525.9,"","",""
"580",69,"14","3","B_ail",0,250707,0,25169.5,NA,"","",""
"581",69,"14","3","B_ail",2,250709,0,25064.4,105.1,"","",""
"582",69,"14","3","B_ail",4,250711,0,25030.9,33.5,"","",""
"583",69,"14","3","B_ail",7,250714,0,24947,83.9,"","",""
"584",69,"14","3","B_ail",9,250716,0,24906.8,40.2,"","",""
"585",69,"14","3","B_ail",11,250718,0,24870.5,36.3,"","",""
"586",69,"14","3","B_ail",14,250721,0,24800.8,69.7,"","",""
"587",69,"14","3","B_ail",16,250723,0,24749.4,51.4,"","",""
"588",69,"14","3","B_ail",18,250725,0,24698.7,50.7,"","",""
"589",69,"14","3","B_ail",21,250728,0,24617.9,80.8,"","",""
"590",69,"14","3","B_ail",23,250730,1,24594.4,23.5,"","",""
"591",70,"14","3","B_ail",0,250707,0,24674.2,NA,"","",""
"592",70,"14","3","B_ail",2,250709,0,24581.1,93.1,"","",""
"593",70,"14","3","B_ail",4,250711,0,24492.1,89,"","",""
"594",70,"14","3","B_ail",7,250714,0,24231,261.1,"","",""
"595",70,"14","3","B_ail",9,250716,1,22548.8,1682.2,"","",""
"596",70,"14","3","B_ail",11,250718,1,22508.4,40.4,"","",""
"597",70,"14","3","B_ail",14,250721,1,22445.1,63.3,"","",""
"598",71,"14","3","B_ail",0,250707,0,24807.3,NA,"","",""
"599",71,"14","3","B_ail",2,250709,0,24729.9,77.4,"","",""
"600",71,"14","3","B_ail",4,250711,0,24701.4,28.5,"","",""
"601",71,"14","3","B_ail",7,250714,0,24574.4,127,"","",""
"602",71,"14","3","B_ail",9,250716,0,24479.4,95,"","",""
"603",71,"14","3","B_ail",11,250718,0,24346.5,132.9,"","",""
"604",71,"14","3","B_ail",14,250721,0,24009.8,336.7,"","",""
"605",71,"14","3","B_ail",16,250723,0,23655.1,354.7,"","",""
"606",71,"14","3","B_ail",18,250725,1,23236.5,418.6,"","",""
"607",72,"14","3","B_ail",0,250707,0,24282,NA,"","",""
"608",72,"14","3","B_ail",2,250709,0,24244.9,37.1,"","",""
"609",72,"14","3","B_ail",4,250711,0,24159.2,85.7,"","",""
"610",72,"14","3","B_ail",7,250714,1,22612.5,1546.7,"","",""
"611",72,"14","3","B_ail",9,250716,1,22538.6,73.9,"","",""
"612",72,"14","3","B_ail",11,250718,1,22478.5,60.1,"","",""
"613",72,"14","3","B_ail",14,250721,1,22386.7,91.8,"","",""
"614",73,"14","3","B_ail",0,250707,0,25291.9,NA,"","",""
"615",73,"14","3","B_ail",2,250709,1,25207.1,84.8,"","","died in molt"
"616",73,"14","3","B_ail",4,250711,1,25194.9,12.2,"","",""
"617",73,"14","3","B_ail",7,250714,1,25174.7,20.2,"","",""
"618",73,"14","3","B_ail",9,250716,1,25167.4,7.3,"","",""
"619",73,"14","3","B_ail",11,250718,1,25161.4,6,"","",""
"620",73,"14","3","B_ail",14,250721,1,25151.9,9.5,"","",""
"621",74,"14","3","B_ail",0,250707,0,25361.6,NA,"","",""
"622",74,"14","3","B_ail",2,250709,1,25327,34.6,"","",""
"623",74,"14","3","B_ail",4,250711,1,25313.6,13.4,"","",""
"624",74,"14","3","B_ail",7,250714,1,25291.2,22.4,"","",""
"625",74,"14","3","B_ail",9,250716,1,25281.7,9.5,"","",""
"626",74,"14","3","B_ail",11,250718,1,25275.3,6.4,"","",""
"627",74,"14","3","B_ail",14,250721,1,25265.7,9.6,"","",""
"628",75,"14","3","B_ail",0,250707,0,25181.5,NA,"","",""
"629",75,"14","3","B_ail",2,250709,0,25151.9,29.6,"","","molted"
"630",75,"14","3","B_ail",4,250711,0,25140.2,11.7,"","",""
"631",75,"14","3","B_ail",7,250714,0,25057.7,82.5,"","",""
"632",75,"14","3","B_ail",9,250716,0,24943.6,114.1,"","",""
"633",75,"14","3","B_ail",11,250718,0,24891.9,51.7,"","",""
"634",75,"14","3","B_ail",14,250721,0,24754.8,137.1,"","",""
"635",75,"14","3","B_ail",16,250723,0,24681.8,73,"","",""
"636",75,"14","3","B_ail",18,250725,0,24600.9,80.9,"","",""
"637",75,"14","3","B_ail",21,250728,1,24572.9,28,"","",""
