insectID,cage,instar,treatment,day,date,status,diet,different,drips,ants,molted
1,11,3,A_ctrl,0,250609,1,25863.7,,,,
1,11,3,A_ctrl,2,250611,1,25715,148.7,drip on surface of parafilm,,
1,11,3,A_ctrl,4,250613,1,25662.6,52.4,,ants,
1,11,3,A_ctrl,7,250616,0,25654.4,8.2,,,
1,11,3,A_ctrl,9,250618,0,25646.3,8.1,,,
1,11,3,A_ctrl,11,250620,0,25640,6.3,,,
1,11,3,A_ctrl,14,250623,0,25630.2,9.8,,,
2,11,3,A_ctrl,0,250609,1,25984.1,,,,
2,11,3,A_ctrl,2,250611,0,25969,15.1,,,
2,11,3,A_ctrl,4,250613,0,25960.5,8.5,,,
2,11,3,A_ctrl,7,250616,0,25951.4,9.1,,,
2,11,3,A_ctrl,9,250618,0,25943.9,7.5,,,
2,11,3,A_ctrl,11,250620,0,25937.6,6.3,,,
2,11,3,A_ctrl,14,250623,0,25928.2,9.4,,,
3,10,3,A_ctrl,0,250609,1,26419.4,,,,
3,10,3,A_ctrl,2,250611,0,26405.9,13.5,,,
3,10,3,A_ctrl,4,250613,0,26396.5,9.4,,,
3,10,3,A_ctrl,7,250616,0,26386.4,10.1,,,
3,10,3,A_ctrl,9,250618,0,26378.2,8.2,,,
3,10,3,A_ctrl,11,250620,0,26371,7.2,,,
3,10,3,A_ctrl,14,250623,0,26359.6,11.4,,,
4,10,3,A_ctrl,0,250609,1,26159.4,,,,
4,10,3,A_ctrl,2,250611,1,26004.2,155.2,drip on surface of parafilm,,
4,10,3,A_ctrl,4,250613,0,25983.4,20.8,,ants,
4,10,3,A_ctrl,7,250616,0,25976.4,7,,,
4,10,3,A_ctrl,9,250618,0,25966.3,10.1,drips,,
4,10,3,A_ctrl,11,250620,0,25960.8,5.5,,,
4,10,3,A_ctrl,14,250623,0,25949.6,11.2,,,
5,10,3,A_ctrl,0,250609,1,26117.3,,,,
5,10,3,A_ctrl,2,250611,1,26101.8,15.5,lots of drips on surface of parafilm,,
5,10,3,A_ctrl,4,250613,1,25916.2,185.6,,,
5,10,3,A_ctrl,7,250616,1,25888.6,27.6,lots of drips on surface of parafilm,,
5,10,3,A_ctrl,9,250618,0,25874.2,14.4,driips,,
5,10,3,A_ctrl,11,250620,0,25867.1,7.1,,,
5,10,3,A_ctrl,14,250623,0,25855,12.1,,,
6,10,3,A_ctrl,0,250609,1,26187.7,,,,
6,10,3,A_ctrl,2,250611,0,26170.1,17.6,,,
6,10,3,A_ctrl,4,250613,0,26157.2,12.9,,,
6,10,3,A_ctrl,7,250616,0,26140.4,16.8,,,
6,10,3,A_ctrl,9,250618,0,26130.3,10.1,,,
6,10,3,A_ctrl,11,250620,0,26122.3,8,,,
6,10,3,A_ctrl,14,250623,0,26110.9,11.4,,,
7,10,3,A_ctrl,0,250609,1,26250.6,,,,
7,10,3,A_ctrl,2,250611,1,26158.3,92.3,drip on surface of parafilm,,
7,10,3,A_ctrl,4,250613,1,26012.5,145.8,,,
7,10,3,A_ctrl,7,250616,1,25877,135.5,,,
7,10,3,A_ctrl,9,250618,1,25757,120,,,
7,10,3,A_ctrl,11,250620,1,25741.7,15.3,,,
7,10,3,A_ctrl,14,250623,0,25726.9,14.8,,,
8,10,3,A_ctrl,0,250609,1,26233,,,,
8,10,3,A_ctrl,2,250611,1,26197.3,35.7,drip on surface of parafilm,,
8,10,3,A_ctrl,4,250613,1,26111.4,85.9,,,
8,10,3,A_ctrl,7,250616,0,26097.7,13.7,,,
8,10,3,A_ctrl,9,250618,0,26085.5,12.2,,,
8,10,3,A_ctrl,11,250620,0,26077.2,8.3,,,
8,10,3,A_ctrl,14,250623,0,26061,16.2,,,
9,10,3,A_ctrl,0,250609,1,25985,,,,
9,10,3,A_ctrl,2,250611,0,25972.1,12.9,,,
9,10,3,A_ctrl,4,250613,0,25917.3,54.8,,,
9,10,3,A_ctrl,7,250616,0,25905.5,11.8,,,
9,10,3,A_ctrl,9,250618,0,25897.3,8.2,,,
9,10,3,A_ctrl,11,250620,0,25890.4,6.9,,,
9,10,3,A_ctrl,14,250623,0,25879.4,11,,,
10,10,3,A_ctrl,0,250609,1,26322.6,,,,
10,10,3,A_ctrl,2,250611,1,26245.9,76.7,drip on surface of parafilm,,
10,10,3,A_ctrl,4,250613,1,26228.6,17.3,,ants,
10,10,3,A_ctrl,7,250616,0,26210.1,18.5,,,
10,10,3,A_ctrl,9,250618,0,26155.5,54.6,,,
10,10,3,A_ctrl,11,250620,0,26106.2,49.3,,,
10,10,3,A_ctrl,14,250623,0,26029.3,76.9,,,
11,9,3,A_ctrl,0,250609,1,27444.5,,,,
11,9,3,A_ctrl,2,250611,1,27422.6,21.9,,,
11,9,3,A_ctrl,4,250613,0,27405.5,17.1,,,
11,9,3,A_ctrl,7,250616,0,27387.2,18.3,,Ants (17),
11,9,3,A_ctrl,9,250618,0,27328.8,58.4,,,
11,9,3,A_ctrl,11,250620,0,27315.3,13.5,,,
11,9,3,A_ctrl,14,250623,0,23665.3,3650,lots of drips,,
12,11,3,A_ctrl,0,250609,1,26238.1,,,,
12,11,3,A_ctrl,2,250611,1,26191.5,46.6,,,
12,11,3,A_ctrl,4,250613,1,26168.3,23.2,,,
12,11,3,A_ctrl,7,250616,1,26085.4,82.9,drips,Ants (17),
12,11,3,A_ctrl,9,250618,1,26010.5,74.9,,,
12,11,3,A_ctrl,11,250620,1,25918.3,92.2,,,
12,11,3,A_ctrl,14,250623,1,25815,103.3,,,
12,11,3,A_ctrl,16,250625,1,25711.9,103.1,,,
12,11,3,A_ctrl,18,250627,1,25683.2,28.7,,,
12,11,3,A_ctrl,21,250630,1,25624.9,58.3,,,
12,11,3,A_ctrl,23,250702,1,25584.6,40.3,,,
12,11,3,A_ctrl,25,250704,0,25564.4,20.2,lots of drips,,
13,11,3,A_ctrl,0,250609,1,26006.5,,,,
13,11,3,A_ctrl,2,250611,1,25986.9,19.6,,,
13,11,3,A_ctrl,4,250613,1,25970,16.9,,,
13,11,3,A_ctrl,7,250616,0,25945.8,24.2,,,
13,11,3,A_ctrl,9,250618,0,25935.9,9.9,,,
13,11,3,A_ctrl,11,250620,0,25928.3,7.6,,,
13,11,3,A_ctrl,14,250623,0,25910,18.3,,,
14,9,3,A_ctrl,0,250609,1,26177.8,,,,
14,9,3,A_ctrl,2,250611,1,26164.5,13.3,,,
14,9,3,A_ctrl,4,250613,1,25772.9,391.6,,ants,
14,9,3,A_ctrl,7,250616,1,25761.4,11.5,,,
14,9,3,A_ctrl,9,250618,0,25752.3,9.1,,,
14,9,3,A_ctrl,11,250620,0,25745.2,7.1,,,
14,9,3,A_ctrl,14,250623,0,25734.6,10.6,,,
15,9,3,A_ctrl,0,250609,1,26013.6,,,,
15,9,3,A_ctrl,2,250611,1,26001.1,12.5,,,
15,9,3,A_ctrl,4,250613,0,25990.6,10.5,,,
15,9,3,A_ctrl,7,250616,0,25977.1,13.5,,,
15,9,3,A_ctrl,9,250618,0,25842.1,135,,,
15,9,3,A_ctrl,11,250620,0,25832.5,9.6,,,
15,9,3,A_ctrl,14,250623,0,25810.2,22.3,,,
16,7,3,B_ctrl,0,250609,1,28334,,,,
16,7,3,B_ctrl,2,250611,1,28304.9,29.1,,,
16,7,3,B_ctrl,4,250613,1,28229.5,75.4,,,
16,7,3,B_ctrl,7,250616,1,28191,38.5,,,
16,7,3,B_ctrl,9,250618,0,28173.6,17.4,,,molted
16,7,3,B_ctrl,11,250620,0,28167.2,6.4,,,
16,7,3,B_ctrl,14,250623,0,28158.1,9.1,,,
17,7,3,B_ctrl,0,250609,1,28170,,,,
17,7,3,B_ctrl,2,250611,1,28133.6,36.4,,,
17,7,3,B_ctrl,4,250613,1,28094.3,39.3,,,
17,7,3,B_ctrl,7,250616,1,28044.6,49.7,,,molted
17,7,3,B_ctrl,9,250618,1,28021.6,23,,,
17,7,3,B_ctrl,11,250620,0,28014.8,6.8,,,
17,7,3,B_ctrl,14,250623,0,28010,4.8,,,
18,7,3,B_ctrl,0,250609,1,28206.2,,,,
18,7,3,B_ctrl,2,250611,1,28177.9,28.3,,,
18,7,3,B_ctrl,4,250613,1,28153.6,24.3,,,
18,7,3,B_ctrl,7,250616,1,28124.3,29.3,,Ants (17),molted
18,7,3,B_ctrl,9,250618,1,28020.8,103.5,,,
18,7,3,B_ctrl,11,250620,1,27928.1,92.7,,,
18,7,3,B_ctrl,14,250623,1,27877.5,50.6,,,
18,7,3,B_ctrl,16,250625,1,27276.4,601.1,diet on paper,,
18,7,3,B_ctrl,18,250627,1,27195.5,80.9,,,
18,7,3,B_ctrl,21,250630,1,26851.1,344.4,,,
18,7,3,B_ctrl,23,250702,1,26784.7,66.4,,,
18,7,3,B_ctrl,25,250704,1,26697.9,86.8,,,
18,7,3,B_ctrl,28,250707,0,25303.1,1394.8,"bubble, parafilm disrupted",,
19,7,3,B_ctrl,0,250609,1,28171.4,,,,
19,7,3,B_ctrl,2,250611,1,28151,20.4,,,
19,7,3,B_ctrl,4,250613,0,28141.5,9.5,,,
19,7,3,B_ctrl,7,250616,0,28131.5,10,,Ants (17),
19,7,3,B_ctrl,9,250618,0,28111.4,20.1,,,
19,7,3,B_ctrl,11,250620,0,28026.3,85.1,,,
19,7,3,B_ctrl,14,250623,0,27834.4,191.9,,,
20,7,3,B_ctrl,0,250609,1,28361.8,,,,
20,7,3,B_ctrl,2,250611,1,28289.5,72.3,,,
20,7,3,B_ctrl,4,250613,1,28263.3,26.2,,,
20,7,3,B_ctrl,7,250616,0,28252.5,10.8,,,
20,7,3,B_ctrl,9,250618,0,28243.1,9.4,,,
20,7,3,B_ctrl,11,250620,0,28237,6.1,,,
20,7,3,B_ctrl,14,250623,0,28227.4,9.6,,,
21,7,3,B_ctrl,0,250609,1,28161.1,,,,
21,7,3,B_ctrl,2,250611,1,28134,27.1,,,
21,7,3,B_ctrl,4,250613,1,28072.4,61.6,,,
21,7,3,B_ctrl,7,250616,1,27966.7,105.7,,,
21,7,3,B_ctrl,9,250618,0,27958.5,8.2,,,
21,7,3,B_ctrl,11,250620,0,27952.8,5.7,,,
21,7,3,B_ctrl,14,250623,0,27943.4,9.4,,,
22,10,3,B_ctrl,0,250609,1,23719.3,,,,
22,10,3,B_ctrl,2,250611,1,23631.3,88,,,
22,10,3,B_ctrl,4,250613,1,23592.7,38.6,,,
22,10,3,B_ctrl,7,250616,1,23545.5,47.2,,,
22,10,3,B_ctrl,9,250618,1,23504.9,40.6,,,
22,10,3,B_ctrl,11,250620,1,23482.2,22.7,,,
22,10,3,B_ctrl,14,250623,0,23469.8,12.4,,,
23,10,3,B_ctrl,0,250609,1,25980.7,,,,
23,10,3,B_ctrl,2,250611,1,25946.7,34,,,
23,10,3,B_ctrl,4,250613,1,25910.3,36.4,,,
23,10,3,B_ctrl,7,250616,0,25899.2,11.1,,,
23,10,3,B_ctrl,9,250618,0,25889.1,10.1,,,
23,10,3,B_ctrl,11,250620,0,25880.6,8.5,,,
23,10,3,B_ctrl,14,250623,0,25867.4,13.2,,,
24,10,3,B_ctrl,0,250609,1,28165.7,,,,
24,10,3,B_ctrl,2,250611,1,28086.7,79,,,
24,10,3,B_ctrl,4,250613,1,28015.2,71.5,,,
24,10,3,B_ctrl,7,250616,1,27898.9,116.3,drips,,
24,10,3,B_ctrl,9,250618,1,27812.1,86.8,,,
24,10,3,B_ctrl,11,250620,1,27712.5,99.6,,,
24,10,3,B_ctrl,14,250623,1,27650.4,62.1,,,
24,10,3,B_ctrl,16,250625,1,27603.2,47.2,drips on paper,,
24,10,3,B_ctrl,18,250627,1,27567.5,35.7,,,
24,10,3,B_ctrl,21,250630,0,27532.6,34.9,,,
25,10,3,B_ctrl,0,250609,1,24130.1,,,,
25,10,3,B_ctrl,2,250611,1,24039.7,90.4,,,
25,10,3,B_ctrl,4,250613,1,23606.5,433.2,,ants,
25,10,3,B_ctrl,7,250616,1,23473.5,133,,,
25,10,3,B_ctrl,9,250618,1,23392.1,81.4,,,
25,10,3,B_ctrl,11,250620,1,23333.6,58.5,,,
25,10,3,B_ctrl,14,250623,1,23226.7,106.9,,,
25,10,3,B_ctrl,16,250625,1,23122.9,103.8,,,
25,10,3,B_ctrl,18,250627,1,23032.5,90.4,,,
25,10,3,B_ctrl,21,250630,1,22864,168.5,,,
25,10,3,B_ctrl,23,250702,0,22741.6,122.4,,,
26,9,3,B_ctrl,0,250609,1,28429.7,,,,
26,9,3,B_ctrl,2,250611,1,28400.9,28.8,,,
26,9,3,B_ctrl,4,250613,0,28380,20.9,,,
26,9,3,B_ctrl,7,250616,0,28370.5,9.5,,,
26,9,3,B_ctrl,9,250618,0,28362.2,8.3,,,
26,9,3,B_ctrl,11,250620,0,28357.6,4.6,,,
26,9,3,B_ctrl,14,250623,0,28348.4,9.2,,,
27,9,3,B_ctrl,0,250609,1,28017.9,,,,
27,9,3,B_ctrl,2,250611,1,27994.3,23.6,,,
27,9,3,B_ctrl,4,250613,1,27965.8,28.5,,,
27,9,3,B_ctrl,7,250616,1,27901.4,64.4,,,
27,9,3,B_ctrl,9,250618,1,27869.5,31.9,,,
27,9,3,B_ctrl,11,250620,1,27836.2,33.3,,,
27,9,3,B_ctrl,14,250623,1,27780.2,56,,,
27,9,3,B_ctrl,16,250625,1,27757,23.2,,,
27,9,3,B_ctrl,18,250627,0,27742.2,14.8,,,
28,9,3,B_ctrl,0,250609,1,20838.4,,,,
28,9,3,B_ctrl,2,250611,1,20811.7,26.7,,,
28,9,3,B_ctrl,4,250613,1,20790,21.7,,,
28,9,3,B_ctrl,7,250616,1,20750.5,39.5,,,
28,9,3,B_ctrl,9,250618,1,20713.7,36.8,,,
28,9,3,B_ctrl,11,250620,1,20684.7,29,,,
28,9,3,B_ctrl,14,250623,1,20643.7,41,,,
28,9,3,B_ctrl,16,250625,1,20613.9,29.8,,,
28,9,3,B_ctrl,18,250627,1,20586.1,27.8,,,
28,9,3,B_ctrl,21,250630,1,20536.2,49.9,,,
28,9,3,B_ctrl,23,250702,1,20506.1,30.1,,,
28,9,3,B_ctrl,25,250704,1,20473.2,32.9,,,
28,9,3,B_ctrl,28,250707,1,20424.8,48.4,large bubble,,
28,9,3,B_ctrl,30,250709,1,20418.8,6,,,
29,7,3,B_ctrl,0,250609,1,28214.3,,,,
29,7,3,B_ctrl,2,250611,1,28184.4,29.9,,,
29,7,3,B_ctrl,4,250613,1,28151.2,33.2,,,
29,7,3,B_ctrl,7,250616,1,28101,50.2,,,
29,7,3,B_ctrl,9,250618,1,28060.8,40.2,,,
29,7,3,B_ctrl,11,250620,1,28024.6,36.2,,,
29,7,3,B_ctrl,14,250623,1,27969.6,55,,,
29,7,3,B_ctrl,16,250625,1,27941.4,28.2,,,
29,7,3,B_ctrl,18,250627,1,27901.3,40.1,,,
29,7,3,B_ctrl,21,250630,1,27825,76.3,,,
29,7,3,B_ctrl,23,250702,0,27809.1,15.9,,,
30,7,3,B_ctrl,0,250609,1,28130.4,,,,
30,7,3,B_ctrl,2,250611,1,28113.3,17.1,,,
30,7,3,B_ctrl,4,250613,1,28093.1,20.2,,,
30,7,3,B_ctrl,7,250616,1,28035.6,57.5,,,
30,7,3,B_ctrl,9,250618,1,27992.9,42.7,,,
30,7,3,B_ctrl,11,250620,1,27958.8,34.1,,,
30,7,3,B_ctrl,14,250623,1,27920.3,38.5,,,
30,7,3,B_ctrl,16,250625,1,27892.5,27.8,,,
30,7,3,B_ctrl,18,250627,1,27852.5,40,,,
30,7,3,B_ctrl,21,250630,0,27816.7,35.8,,,
31,7,4,A_ctrl,0,250623,1,30052.3,,,,
31,7,4,A_ctrl,2,250625,1,29841.3,211,,,
31,7,4,A_ctrl,4,250627,0,29827.1,14.2,,,
31,7,4,A_ctrl,7,250630,0,29817.9,9.2,,,
31,7,4,A_ctrl,9,250702,0,29812.8,5.1,,,
31,7,4,A_ctrl,11,250704,0,29806.4,6.4,,,
31,7,4,A_ctrl,14,250707,0,29797.3,9.1,,,
32,8,4,A_ctrl,0,250623,1,29590.6,,,,
32,8,4,A_ctrl,2,250625,1,29408.3,182.3,,,
32,8,4,A_ctrl,4,250627,1,29187,221.3,,,
32,8,4,A_ctrl,7,250630,1,28347.8,839.2,paper moist,,
32,8,4,A_ctrl,9,250702,1,27972,375.8,,,
32,8,4,A_ctrl,11,250704,0,27880.7,91.3,dried sugar pooled on top,,
32,8,4,A_ctrl,14,250707,0,27864.3,16.4,mold,,
33,8,4,A_ctrl,0,250623,1,29940.7,,,,
33,8,4,A_ctrl,2,250625,0,29933.3,7.4,,,
33,8,4,A_ctrl,4,250627,0,29928.1,5.2,,,
33,8,4,A_ctrl,7,250630,0,29907.8,20.3,,,
33,8,4,A_ctrl,9,250702,0,29888.4,19.4,,,
33,8,4,A_ctrl,11,250704,0,29861,27.4,,,
33,8,4,A_ctrl,14,250707,0,29824.7,36.3,,,
34,8,4,A_ctrl,0,250623,1,26602.7,,,,
34,8,4,A_ctrl,2,250625,1,26410.5,192.2,drips,,
34,8,4,A_ctrl,4,250627,1,26395.4,15.1,,,
34,8,4,A_ctrl,7,250630,0,25806.7,588.7,drips,,
34,8,4,A_ctrl,9,250702,0,25387.7,419,,,
34,8,4,A_ctrl,11,250704,0,24924.3,463.4,,,
34,8,4,A_ctrl,14,250707,0,25351.8,-427.5,fungus growing,,
35,7,4,A_ctrl,0,250623,1,31423.4,,,,
35,7,4,A_ctrl,2,250625,1,30130.6,1292.8,,,
35,7,4,A_ctrl,4,250627,1,29604,526.6,,,
35,7,4,A_ctrl,7,250630,1,28693.2,910.8,drips,,
35,7,4,A_ctrl,9,250702,1,28617.6,75.6,,,
35,7,4,A_ctrl,11,250704,1,28580,37.6,moribund,,
35,7,4,A_ctrl,14,250707,0,28562.1,17.9,,,
36,7,4,A_ctrl,0,250623,1,26781.5,,,,
36,7,4,A_ctrl,2,250625,0,26767.7,13.8,,,
36,7,4,A_ctrl,4,250627,0,26756.5,11.2,,,
36,7,4,A_ctrl,7,250630,0,26743.4,13.1,,,
36,7,4,A_ctrl,9,250702,0,26732.7,10.7,,,
36,7,4,A_ctrl,11,250704,0,26719.5,13.2,,,
36,7,4,A_ctrl,14,250707,0,26687.1,32.4,,,
37,7,4,A_ctrl,0,250623,1,31289.1,,,,
37,7,4,A_ctrl,2,250625,1,31278.7,10.4,,,
37,7,4,A_ctrl,4,250627,0,31266.9,11.8,,,
37,7,4,A_ctrl,7,250630,0,31252.2,14.7,,,
37,7,4,A_ctrl,9,250702,0,31243.6,8.6,,,
37,7,4,A_ctrl,11,250704,0,31232.8,10.8,,,
37,7,4,A_ctrl,14,250707,0,31219.1,13.7,,,
38,7,4,B_ctrl,0,250623,1,28589.2,,,,
38,7,4,B_ctrl,2,250625,1,28559.1,30.1,,,
38,7,4,B_ctrl,4,250627,1,28509.2,49.9,,,
38,7,4,B_ctrl,7,250630,1,28427.1,82.1,,,
38,7,4,B_ctrl,9,250702,1,28376.8,50.3,,,
38,7,4,B_ctrl,11,250704,1,28249.7,127.1,,,
38,7,4,B_ctrl,14,250707,1,28205.9,43.8,mold,,
38,7,4,B_ctrl,16,250709,1,28142,63.9,mold,,
38,7,4,B_ctrl,18,250711,1,28136.3,5.7,mold,,
38,7,4,B_ctrl,21,250714,1,27802.9,333.4,mold,,
38,7,4,B_ctrl,23,250716,1,27747,55.9,mold,,
38,7,4,B_ctrl,25,250718,1,27653.4,93.6,mold,,
38,7,4,B_ctrl,28,250721,1,27499.1,154.3,,,
38,7,4,B_ctrl,30,250723,0,27455.4,43.7,,,
39,7,4,B_ctrl,0,250623,1,28542.6,,,,
39,7,4,B_ctrl,2,250625,0,28531.4,11.2,,,
39,7,4,B_ctrl,4,250627,0,28521.8,9.6,,,
39,7,4,B_ctrl,7,250630,0,28508.8,13,,,
39,7,4,B_ctrl,9,250702,0,28500.9,7.9,,,
39,7,4,B_ctrl,11,250704,0,28490.2,10.7,,,
39,7,4,B_ctrl,14,250707,0,28478,12.2,,,
40,5,4,B_ctrl,0,250623,1,28676.5,,,,
40,5,4,B_ctrl,2,250625,1,28623.6,52.9,,,
40,5,4,B_ctrl,4,250627,1,28594.7,28.9,,,
40,5,4,B_ctrl,7,250630,1,28558.9,35.8,,,
40,5,4,B_ctrl,9,250702,1,28447.1,111.8,,,
40,5,4,B_ctrl,11,250704,1,28365.3,81.8,,,
40,5,4,B_ctrl,14,250707,1,28074.5,290.8,,,
40,5,4,B_ctrl,16,250709,1,28046.7,27.8,,,
40,5,4,B_ctrl,18,250711,1,28008.9,37.8,,,
40,5,4,B_ctrl,21,250714,1,27925.9,83,,,
40,5,4,B_ctrl,23,250716,1,27831.5,94.4,,,
40,5,4,B_ctrl,25,250718,0,27813.7,17.8,,,
41,5,4,B_ctrl,0,250623,1,28662.8,,,,
41,5,4,B_ctrl,2,250625,1,28582.8,80,,,
41,5,4,B_ctrl,4,250627,1,28537,45.8,,,
41,5,4,B_ctrl,7,250630,1,28492.2,44.8,,,
41,5,4,B_ctrl,9,250702,0,28485.4,6.8,,,
41,5,4,B_ctrl,11,250704,0,28477.1,8.3,,,
41,5,4,B_ctrl,14,250707,0,28466.2,10.9,,,
42,5,4,B_ctrl,0,250623,1,28957.9,,,,
42,5,4,B_ctrl,2,250625,1,28858.3,99.6,,,
42,5,4,B_ctrl,4,250627,1,28765.2,93.1,,,
42,5,4,B_ctrl,7,250630,1,28705.9,59.3,,,
42,5,4,B_ctrl,9,250702,1,28618.1,87.8,,,
42,5,4,B_ctrl,11,250704,1,28537.3,80.8,,,
42,5,4,B_ctrl,14,250707,0,28497.7,39.6,,,
43,5,4,B_ctrl,0,250623,1,28602,,,,
43,5,4,B_ctrl,2,250625,1,28391.8,210.2,,,
43,5,4,B_ctrl,4,250627,0,28378.8,13,,,
43,5,4,B_ctrl,7,250630,0,28363.4,15.4,,,
43,5,4,B_ctrl,9,250702,0,28354.6,8.8,,,
43,5,4,B_ctrl,11,250704,0,28343.1,11.5,,,
43,5,4,B_ctrl,14,250707,0,28328.7,14.4,,,
44,5,4,B_ctrl,0,250623,1,28717,,,,
44,5,4,B_ctrl,2,250625,1,28684.1,32.9,,,
44,5,4,B_ctrl,4,250627,1,28624.2,59.9,,,
44,5,4,B_ctrl,7,250630,1,28534.4,89.8,,,
44,5,4,B_ctrl,9,250702,1,28450.5,83.9,,,
44,5,4,B_ctrl,11,250704,1,28315.7,134.8,,,
44,5,4,B_ctrl,14,250707,0,28234.1,81.6,,,
45,7,4,A_ctrl,0,250630,1,26085.8,,,,
45,7,4,A_ctrl,2,250702,1,26064.7,21.1,,,
45,7,4,A_ctrl,4,250704,1,25514.7,550,Large drip on side of dish,,
45,7,4,A_ctrl,7,250707,1,25452,62.7,,,
45,7,4,A_ctrl,9,250709,1,25220.3,231.7,large drips,,
45,7,4,A_ctrl,11,250711,1,24872.1,348.2,,,
45,7,4,A_ctrl,14,250714,1,24410,462.1,,,
45,7,4,A_ctrl,16,250716,0,24283,127,,,
46,7,4,A_ctrl,0,250630,1,26572.4,,,,
46,7,4,A_ctrl,2,250702,1,26490.3,82.1,,,
46,7,4,A_ctrl,4,250704,0,26477.4,12.9,,,
46,7,4,A_ctrl,7,250707,0,25454.9,1022.5,,,
46,7,4,A_ctrl,9,250709,0,26459,-1004.1,,,
46,7,4,A_ctrl,11,250711,0,26453.2,5.8,,,
46,7,4,A_ctrl,14,250714,0,26439,14.2,,,
47,9_11,4,A_ctrl,0,250630,1,26714.9,,,,
47,9_11,4,A_ctrl,2,250702,0,26708.1,6.8,,,
47,9_11,4,A_ctrl,4,250704,0,26698,10.1,,,
47,9_11,4,A_ctrl,7,250707,0,26685,13,,,
47,9_11,4,A_ctrl,9,250709,0,26678.9,6.1,,,
47,9_11,4,A_ctrl,11,250711,0,26667.1,11.8,,,
47,9_11,4,A_ctrl,14,250714,0,26649.8,17.3,,,
48,7,4,A_ctrl,0,250630,1,26486,,,,
48,7,4,A_ctrl,2,250702,1,26462.7,23.3,,,
48,7,4,A_ctrl,4,250704,1,26394.2,68.5,,,
48,7,4,A_ctrl,7,250707,1,26352.8,41.4,,,
48,7,4,A_ctrl,9,250709,1,26051,301.8,,,
48,7,4,A_ctrl,11,250711,1,26027.3,23.7,,,
48,7,4,A_ctrl,14,250714,0,26010.4,16.9,,,
49,7,4,B_ctrl,0,250630,1,25698.8,,,,
49,7,4,B_ctrl,2,250702,1,25581.4,117.4,,,
49,7,4,B_ctrl,4,250704,1,25473.8,107.6,,,
49,7,4,B_ctrl,7,250707,1,25410.1,63.7,,,
49,7,4,B_ctrl,9,250709,1,25368.4,41.7,,,
49,7,4,B_ctrl,11,250711,1,25280.4,88,,,
49,7,4,B_ctrl,14,250714,1,25219.3,61.1,,,
49,7,4,B_ctrl,16,250716,1,25073.7,145.6,,,
49,7,4,B_ctrl,18,250718,1,25029.9,43.8,,,
49,7,4,B_ctrl,21,250721,0,24983.4,46.5,,,
50,7,4,B_ctrl,0,250630,1,25259.4,,,,
50,7,4,B_ctrl,2,250702,1,25213.5,45.9,,,
50,7,4,B_ctrl,4,250704,1,25148.8,64.7,,,
50,7,4,B_ctrl,7,250707,1,25092.4,56.4,,,
50,7,4,B_ctrl,9,250709,1,25047.4,45,,,
50,7,4,B_ctrl,11,250711,1,24985,62.4,,,
50,7,4,B_ctrl,14,250714,1,24434.8,550.2,,,
50,7,4,B_ctrl,16,250716,1,24368.2,66.6,,,
50,7,4,B_ctrl,18,250718,1,24304.4,63.8,,,
50,7,4,B_ctrl,21,250721,0,24275.8,28.6,,,
51,7,4,B_ctrl,0,250630,1,24993.1,,,,
51,7,4,B_ctrl,2,250702,1,24814.7,178.4,,,
51,7,4,B_ctrl,4,250704,1,24733.4,81.3,,,
51,7,4,B_ctrl,7,250707,1,24668.8,64.6,,,
51,7,4,B_ctrl,9,250709,1,24558.3,110.5,,,
51,7,4,B_ctrl,11,250711,1,24520.3,38,,,
51,7,4,B_ctrl,14,250714,1,24273.1,247.2,,,
51,7,4,B_ctrl,16,250716,1,24130.6,142.5,,,
51,7,4,B_ctrl,18,250718,1,24043.6,87,,,
51,7,4,B_ctrl,21,250721,1,23455,588.6,,,
52,7,4,B_ctrl,0,250630,1,25498.8,,,,
52,7,4,B_ctrl,2,250702,1,25483.1,15.7,,,
52,7,4,B_ctrl,4,250704,1,25423.9,59.2,,,
52,7,4,B_ctrl,7,250707,1,25377.8,46.1,,,
52,7,4,B_ctrl,9,250709,1,25285.6,92.2,,,
52,7,4,B_ctrl,11,250711,1,25190.4,95.2,,,
52,7,4,B_ctrl,14,250714,1,25136.4,54,,,
52,7,4,B_ctrl,16,250716,1,24980.3,156.1,,,
52,7,4,B_ctrl,18,250718,1,24935.9,44.4,,,
52,7,4,B_ctrl,21,250721,1,24560.9,375,,,
52,7,4,B_ctrl,23,250723,1,24524.3,36.6,,,
52,7,4,B_ctrl,25,250725,1,24448.8,75.5,,,
53,14,4,A_ctrl,0,250707,1,26979.8,,,,
53,14,4,A_ctrl,2,250709,1,26747,232.8,,,
53,14,4,A_ctrl,4,250711,1,26472.8,274.2,,,
53,14,4,A_ctrl,7,250714,0,26334.4,138.4,,,
53,14,4,A_ctrl,9,250716,0,26327.2,7.2,,,
53,14,4,A_ctrl,11,250718,0,26320.8,6.4,,,
53,14,4,A_ctrl,14,250721,0,26310.5,10.3,,,
54,14,4,A_ctrl,0,250707,1,25860.9,,,,
54,14,4,A_ctrl,2,250709,1,25818.3,42.6,,,
54,14,4,A_ctrl,4,250711,1,25810.9,7.4,,,
54,14,4,A_ctrl,7,250714,1,25739.7,71.2,,,
54,14,4,A_ctrl,9,250716,1,25628.2,111.5,,,
54,14,4,A_ctrl,11,250718,1,25550.9,77.3,,,
54,14,4,A_ctrl,14,250721,1,25368.2,182.7,,,
54,14,4,A_ctrl,16,250723,1,25135.8,232.4,,,
54,14,4,A_ctrl,18,250725,1,25068.9,66.9,,,
55,14,4,A_ctrl,0,250707,1,26436.2,,,,
55,14,4,A_ctrl,2,250709,1,25244.2,1192,,,
55,14,4,A_ctrl,4,250711,1,24473.9,770.3,wet paper,,
55,14,4,A_ctrl,7,250714,1,23859.9,614,,,
55,14,4,A_ctrl,9,250716,0,23782.9,77,,,
55,14,4,A_ctrl,11,250718,0,23776,6.9,,,
55,14,4,A_ctrl,14,250721,0,23731.8,44.2,,,
56,14,4,A_ctrl,0,250707,1,25586.7,,,,
56,14,4,A_ctrl,2,250709,1,25408,178.7,,,
56,14,4,A_ctrl,4,250711,1,24801.4,606.6,,,
56,14,4,A_ctrl,7,250714,0,24778.6,22.8,,,
56,14,4,A_ctrl,9,250716,0,24768.5,10.1,,,
56,14,4,A_ctrl,11,250718,0,24762.1,6.4,,,
56,14,4,A_ctrl,14,250721,0,24745.2,16.9,,,
57,10,4,B_ctrl,0,250707,1,27317.8,,,,
57,10,4,B_ctrl,2,250709,1,27279.6,38.2,,,
57,10,4,B_ctrl,4,250711,1,27214.5,65.1,,,
57,10,4,B_ctrl,7,250714,1,27140.6,73.9,mold,,
57,10,4,B_ctrl,9,250716,1,27079.3,61.3,,,
57,10,4,B_ctrl,11,250718,1,27031.6,47.7,,,
57,10,4,B_ctrl,14,250721,1,26991.2,40.4,,,
57,10,4,B_ctrl,16,250723,1,26933.8,57.4,,,
57,10,4,B_ctrl,18,250725,0,26903.6,30.2,,,
58,12_13,4,B_ctrl,0,250707,1,28125.5,,,,
58,12_13,4,B_ctrl,2,250709,1,28102.7,22.8,,,
58,12_13,4,B_ctrl,4,250711,1,28044.9,57.8,,,
58,12_13,4,B_ctrl,7,250714,1,28025.1,19.8,,,
58,12_13,4,B_ctrl,9,250716,1,27960.6,64.5,,,
58,12_13,4,B_ctrl,11,250718,1,27880.9,79.7,,,
58,12_13,4,B_ctrl,14,250721,1,27816.6,64.3,,,
58,12_13,4,B_crl,16,250723,1,27727.6,89,,,
58,12_13,4,B_ctrl,18,250725,1,27686.8,40.8,,,
59,14,4,B_ctrl,0,250707,1,28438.1,,,,
59,14,4,B_ctrl,2,250709,1,28376.5,61.6,,,
59,14,4,B_ctrl,4,250711,1,28348.3,28.2,,,
59,14,4,B_ctrl,7,250714,1,27907.5,440.8,,,
59,14,4,B_ctrl,9,250716,0,27674.9,232.6,mold,,
59,14,4,B_ctrl,11,250718,0,27488.6,186.3,,,
59,14,4,B_ctrl,14,250721,0,37180.9,-9692.3,,,
60,14,4,B_ctrl,0,250707,1,28568.8,,,,
60,14,4,B_ctrl,2,250709,1,28512.5,56.3,,,
60,14,4,B_ctrl,4,250711,1,28454.2,58.3,,,
60,14,4,B_ctrl,7,250714,1,28356.4,97.8,,,
60,14,4,B_ctrl,9,250716,1,28289.3,67.1,,,
60,14,4,B_ctrl,11,250718,1,28227.7,61.6,,,
60,14,4,B_ctrl,14,250721,1,28123.2,104.5,,,
60,14,4,B_ctrl,16,250723,1,28007.8,115.4,,,
60,14,4,B_ctrl,18,250725,1,27905.4,102.4,,,
61,14,3,B_ail,0,250707,1,27364.1,,,,
61,14,3,B_ail,2,250709,1,27329.2,34.9,,,
61,14,3,B_ail,4,250711,1,27276.6,52.6,,,
61,14,3,B_ail,7,250714,1,27178.1,98.5,,,
61,14,3,B_ail,9,250716,0,27166.8,11.3,,,
61,14,3,B_ail,11,250718,0,27158.1,8.7,,,
61,14,3,B_ail,14,250721,0,27143.2,14.9,,,
62,14,3,B_ail,0,250707,1,24857.5,,,,
62,14,3,B_ail,2,250709,1,24805.7,51.8,,,
62,14,3,B_ail,4,250711,1,24724.9,80.8,,,
62,14,3,B_ail,7,250714,1,24605.8,119.1,,,
62,14,3,B_ail,9,250716,1,21818.9,2786.9,wet paper,,
62,14,3,B_ail,11,250718,1,21714,104.9,,,
62,14,3,B_ail,14,250721,1,21540.3,173.7,,,
62,14,3,B_ail,16,250723,0,21428.2,112.1,,,
63,10,3,B_ail,0,250707,1,28353.3,,,,
63,10,3,B_ail,2,250709,1,28281.7,71.6,,,molted
63,10,3,B_ail,4,250711,1,28245.6,36.1,,,
63,10,3,B_ail,7,250714,0,28144.9,100.7,,,
63,10,3,B_ail,9,250716,0,28090.1,54.8,,,
63,10,3,B_ail,11,250718,0,28045.1,45,,,
63,10,3,B_ail,14,250721,0,27973,72.1,,,
64,10,3,B_ail,0,250707,1,25518.5,,,,
64,10,3,B_ail,2,250709,1,25444.9,73.6,,,
64,10,3,B_ail,4,250711,1,25361.8,83.1,,,
64,10,3,B_ail,7,250714,0,25320.1,41.7,,,
64,10,3,B_ail,9,250716,0,25305.7,14.4,,,
64,10,3,B_ail,11,250718,0,25292.3,13.4,,,
64,10,3,B_ail,14,250721,0,25266.6,25.7,,,
65,10,3,B_ail,0,250707,1,28580.3,,,,
65,10,3,B_ail,2,250709,1,28559.1,21.2,,,molted
65,10,3,B_ail,4,250711,1,23149.3,5409.8,"paper soaked, large bubble",,
65,10,3,B_ail,7,250714,1,21681,1468.3,large bubble,,
65,10,3,B_ail,9,250716,1,21520,161,,,
65,10,3,B_ail,11,250718,1,20889.3,630.7,parafiilm torn,,
65,10,3,B_ail,14,250721,0,19416.2,1473.1,really messed up,,
66,12_13,3,B_ail,0,250707,1,25406.7,,,,
66,12_13,3,B_ail,2,250709,0,24489.6,917.1,,,
66,12_13,3,B_ail,4,250711,0,24477.9,11.7,,,
66,12_13,3,B_ail,7,250714,0,24449.3,28.6,,,
66,12_13,3,B_ail,9,250716,0,24431.2,18.1,,,
66,12_13,3,B_ail,11,250718,0,24419.2,12,,,
66,12_13,3,B_ail,14,250721,0,24400.3,18.9,,,
67,12_13,3,B_ail,0,250707,1,24430.3,,,,
67,12_13,3,B_ail,2,250709,1,24380.5,49.8,,,
67,12_13,3,B_ail,4,250711,1,24352.9,27.6,,,
67,12_13,3,B_ail,7,250714,1,24266.3,86.6,,,
67,12_13,3,B_ail,9,250716,1,23922.3,344,,,
67,12_13,3,B_ail,11,250718,1,23503.4,418.9,,,
67,12_13,3,B_ail,14,250721,1,22789.6,713.8,,,
67,12_13,3,B_ail,16,250723,1,22256.8,532.8,,,
67,12_14,3,B_ail,18,250725,1,21708.8,548,,,
68,12_13,3,B_ail,0,250707,1,28223.5,,,,
68,12_13,3,B_ail,2,250709,1,28139.3,84.2,,,
68,12_13,3,B_ail,4,250711,1,27899.1,240.2,,,
68,12_13,3,B_ail,7,250714,1,26929.6,969.5,spilled,,
68,12_13,3,B_ail,9,250716,1,26642.9,286.7,,,
68,12_13,3,B_ail,11,250718,1,26381.6,261.3,,,
68,12_13,3,B_ail,14,250721,1,25944.6,437,,,
68,12_13,3,B_ail,16,250723,1,25577.7,366.9,,,
68,12_14,3,B_ail,18,250725,1,25246,331.7,,,
69,14,3,B_ail,0,250707,1,25169.5,,,,
69,14,3,B_ail,2,250709,1,25064.4,105.1,,,
69,14,3,B_ail,4,250711,1,25030.9,33.5,,,
69,14,3,B_ail,7,250714,1,24947,83.9,,,
69,14,3,B_ail,9,250716,1,24906.8,40.2,,,
69,14,3,B_ail,11,250718,1,24870.5,36.3,,,
69,14,3,B_ail,14,250721,1,24800.8,69.7,,,
69,14,3,B_ail,16,250723,1,24749.4,51.4,,,
69,14,3,B_ail,18,250725,1,24698.7,50.7,,,
70,14,3,B_ail,0,250707,1,24674.2,,,,
70,14,3,B_ail,2,250709,1,24581.1,93.1,,,
70,14,3,B_ail,4,250711,1,24492.1,89,,,
70,14,3,B_ail,7,250714,1,24231,261.1,,,
70,14,3,B_ail,9,250716,0,22548.8,1682.2,,,
70,14,3,B_ail,11,250718,0,22508.4,40.4,,,
70,14,3,B_ail,14,250721,0,22445.1,63.3,,,
71,14,3,B_ail,0,250707,1,24807.3,,,,
71,14,3,B_ail,2,250709,1,24729.9,77.4,,,
71,14,3,B_ail,4,250711,1,24701.4,28.5,,,
71,14,3,B_ail,7,250714,1,24574.4,127,,,
71,14,3,B_ail,9,250716,1,24479.4,95,,,
71,14,3,B_ail,11,250718,1,24346.5,132.9,,,
71,14,3,B_ail,14,250721,1,24009.8,336.7,,,
71,14,3,B_ail,16,250723,1,23655.1,354.7,,,
71,14,3,B_ail,18,250725,0,23236.5,418.6,,,
72,14,3,B_ail,0,250707,1,24282,,,,
72,14,3,B_ail,2,250709,1,24244.9,37.1,,,
72,14,3,B_ail,4,250711,1,24159.2,85.7,,,
72,14,3,B_ail,7,250714,0,22612.5,1546.7,,,
72,14,3,B_ail,9,250716,0,22538.6,73.9,,,
72,14,3,B_ail,11,250718,0,22478.5,60.1,,,
72,14,3,B_ail,14,250721,0,22386.7,91.8,,,
73,14,3,B_ail,0,250707,1,25291.9,,,,
73,14,3,B_ail,2,250709,0,25207.1,84.8,,,molted
73,14,3,B_ail,4,250711,0,25194.9,12.2,,,
73,14,3,B_ail,7,250714,0,25174.7,20.2,,,
73,14,3,B_ail,9,250716,0,25167.4,7.3,,,
73,14,3,B_ail,11,250718,0,25161.4,6,,,
73,14,3,B_ail,14,250721,0,25151.9,9.5,,,
74,14,3,B_ail,0,250707,1,25361.6,,,,
74,14,3,B_ail,2,250709,0,25327,34.6,,,
74,14,3,B_ail,4,250711,0,25313.6,13.4,,,
74,14,3,B_ail,7,250714,0,25291.2,22.4,,,
74,14,3,B_ail,9,250716,0,25281.7,9.5,,,
74,14,3,B_ail,11,250718,0,25275.3,6.4,,,
74,14,3,B_ail,14,250721,0,25265.7,9.6,,,
75,14,3,B_ail,0,250707,1,25181.5,,,,
75,14,3,B_ail,2,250709,1,25151.9,29.6,,,molted
75,14,3,B_ail,4,250711,1,25140.2,11.7,,,
75,14,3,B_ail,7,250714,1,25057.7,82.5,,,
75,14,3,B_ail,9,250716,1,24943.6,114.1,,,
75,14,3,B_ail,11,250718,1,24891.9,51.7,,,
75,14,3,B_ail,14,250721,1,24254.8,637.1,,,
75,14,3,B_ail,16,250723,1,24681.8,-427,,,
75,14,3,B_ail,18,250725,1,24600.9,80.9,,,